Left_Thalamic_Radiation,Right_Thalamic_Radiation,Left_Corticospinal,Right_Corticospinal,Left_Cingulum_Cingulate,Right_Cingulum_Cingulate,Left_Cingulum_Hippocampus,Right_Cingulum_Hippocampus,Callosum_Forceps_Major,Callosum_Forceps_Minor,Left_IFOF,Right_IFOF,Left_ILF,Right_ILF,Left_SLF,Right_SLF,Left_Uncinate,Right_Uncinate,Left_Arcuate,Right_Arcuate,L_VOF,R_VOF,L_Arcuate_Posterior,R_Arcuate_Posterior,L_posteriorArcuate_vot,R_posteriorArcuate_vot
0.0842111951733436,0.137242763380511,0.244339635344711,0.192999256561275,0.067100846721193,0.0589617064505626,0.0721654160703076,0.0760509400271322,0.0853396986334159,0.0533573734609196,0.0799322821328073,0.0974399368217972,0.116961279072132,0.160675910856477,0.149427657258385,0.158179649837207,0.073301332523335,0.0679866497248536,0.157764625019382,0.16992361252455,0.0728295148221006,0.0856305708752072,0.0688365710656866,0.0766816049391335,0.0552459377298487,0.0890494838600529
0.0942969781012728,0.141650146872341,0.234347548776014,0.189559354624259,0.0800211260599586,0.0746986184919405,0.0724682272472973,0.0772181849317647,0.129611885889366,0.0717142873114644,0.0882796778719522,0.131071264585529,0.120388448923107,0.160930767900823,0.151044437090665,0.158971071242977,0.0822028827270181,0.0732758048309397,0.157770716065313,0.169347144917311,0.0764663645145948,0.0873723392018603,0.0789742225150877,0.0798545899579497,0.0599044372815054,0.0899378432841373
0.0984370548827484,0.141241522469484,0.246113975580359,0.203930473564674,0.0937124288049657,0.0837201969227565,0.0724566594250315,0.0762311748488721,0.167858890470205,0.0832143919539158,0.0974198374142637,0.161607675904697,0.122245685285105,0.16269465733786,0.149484552982568,0.158525350703225,0.0881278699639658,0.0763307828640719,0.15113028797359,0.169081784266628,0.0793445268864925,0.0893942675063575,0.0878691778285693,0.0816069367377187,0.0641736344600443,0.0902756295609485
0.103204979864561,0.14087758992588,0.290562139428196,0.215758838894144,0.104355568059265,0.0962209115698827,0.0735958560167803,0.0736374731408977,0.200765383705863,0.0981901633179319,0.121938884347395,0.181777410751734,0.126513861605785,0.167246863867175,0.149173037575839,0.16033723672589,0.0914479660610706,0.0790017599294477,0.144097419202099,0.167620074853116,0.0813860756098555,0.0919582179275177,0.0978398665144682,0.084087860126327,0.0677305933469062,0.0906096691279499
0.107286505170929,0.139649705359545,0.322983836691721,0.236125616599259,0.110889440167154,0.10643442370883,0.078209864618218,0.0723665809753641,0.230434147265429,0.113703633360858,0.114110407757207,0.20010123855345,0.132454890919036,0.173845929013357,0.151307563750709,0.163298578365709,0.0951872341723787,0.0822218278018963,0.142058585969241,0.165571773617171,0.0832955825733329,0.094950862589423,0.1081923009163,0.0876907894967854,0.0705659144476531,0.0913027050320315
0.113284588362804,0.139669582147279,0.326450894440636,0.254859769314468,0.123198180432845,0.116950413439605,0.0865031463866718,0.0725379834161826,0.225508203192497,0.121776499098368,0.153063820314737,0.204301456287438,0.138303958085042,0.182338077798449,0.155323495599591,0.166769597804305,0.0996641842189108,0.0868046614229082,0.143152443105882,0.16339279220586,0.0856585701884322,0.0983773950727508,0.11876575426888,0.0915755581846822,0.0736525542864635,0.093263725702698
0.120566990615584,0.142304177646017,0.315181517498345,0.267294432336867,0.141403409976947,0.130358846637197,0.0977147761715313,0.0757759790752353,0.222519208213625,0.127954173042785,0.197482927807709,0.198584957788922,0.145478867941885,0.188920479596925,0.160633553283734,0.170546734240179,0.104041949464743,0.0927923648237362,0.146853703810696,0.160997336296231,0.0885714984032678,0.102179805231896,0.128360785562316,0.0959868939620892,0.0763257276275953,0.0958113924496701
0.128361954647224,0.145306111977625,0.301491016904424,0.267617856609829,0.165208687250389,0.147233880540413,0.109361391880269,0.08143257597702,0.21278786310183,0.1407825606867,0.238180822856087,0.214157738987926,0.154017516793155,0.193202091066381,0.166132567766998,0.174664348376379,0.109185352572698,0.0989306177294418,0.152944949094395,0.157722561421758,0.0918422491790541,0.106059901017442,0.138117381825701,0.101009051658078,0.0783817411097808,0.0984525294547242
0.13606570845074,0.147930321612001,0.298860245905276,0.269192780468725,0.186047573627638,0.167039045476305,0.119635724425529,0.088136137464845,0.200502537459544,0.151543704243435,0.232422160787282,0.22637514291865,0.163012446533856,0.197562897234256,0.170611780942472,0.17906916204976,0.11516622010371,0.104847547386057,0.158686890081658,0.157102068023275,0.0951774799432346,0.109905740390121,0.146689878497262,0.105751321439446,0.0807750594080657,0.100808156223397
0.145091173456695,0.151900906705981,0.295178547792512,0.27667019795346,0.207841042044014,0.188338583959147,0.129924402982389,0.0972331045698477,0.197039222232913,0.160613207612189,0.199468680504103,0.209478328926813,0.171736185872328,0.203081748023698,0.173773432534463,0.183298916462867,0.122251339602246,0.111652972486764,0.162286152340298,0.156496936240452,0.0984449219603014,0.113534109623365,0.154539896292793,0.110368013209779,0.0836261563438622,0.103230831096083
0.152633301289883,0.156156437163752,0.290492760367745,0.284710708160622,0.224361549035228,0.202921152264841,0.142631945473756,0.106456339465067,0.214726622794448,0.173288533701326,0.170326786257146,0.203220863896833,0.180148953846801,0.209947331369764,0.176095857226302,0.186798180229115,0.130063082350176,0.120077537710029,0.164847103934911,0.156059327524141,0.101815738809196,0.117019357293607,0.160483136131114,0.114662489394724,0.0865384035184461,0.105853392120252
0.159170491543244,0.161180431524208,0.288956506056105,0.297843599090249,0.239333714685617,0.221288486086759,0.155901044352827,0.115446150498159,0.238944106958067,0.182971453256658,0.182548354999836,0.224238870805811,0.189059097457588,0.219170356891363,0.177729362384642,0.189985781264057,0.138134060170965,0.128627684826214,0.167804361324146,0.153832433749311,0.105344322808371,0.120137072414927,0.166129846484893,0.119314220793577,0.0900455951411861,0.108106772376465
0.163490485211998,0.167590434036616,0.289367512626206,0.313641528360361,0.246552876637692,0.228288712609529,0.166316634815259,0.120422180980523,0.260329613525645,0.186826143764636,0.213712093341937,0.239761676172234,0.196425602246009,0.225271349725361,0.178525747364375,0.192660071454226,0.145803944894245,0.136340423924991,0.169842554215281,0.151574683773185,0.108670844834821,0.123230354581124,0.170211155051992,0.124289609040309,0.0941089582385648,0.110519395675083
0.167855471290059,0.171432637234301,0.299592681012362,0.33007738047769,0.254038577631752,0.236303514356439,0.174641005763439,0.125061328692513,0.284144010382116,0.192269992163336,0.185160772772529,0.233901363214986,0.20029415961631,0.229019304805212,0.17842739470878,0.194628955039869,0.151992232928491,0.143346172904422,0.171049151473333,0.15193266135399,0.111927390098449,0.126325287288486,0.173299884471802,0.129499423584274,0.0977221053238691,0.113407210629869
0.171555967838051,0.172024799460647,0.312376479708547,0.351266588093912,0.255488018696955,0.23824128263457,0.184141293189001,0.130488347607995,0.317644160833679,0.193348112679203,0.222444652703587,0.210508417046397,0.204921049164708,0.232901634278885,0.177363713461668,0.195697557363601,0.157044022859514,0.14963184412341,0.172074671633188,0.148733487013683,0.115122808840613,0.129391160084935,0.176111345499721,0.134679456318953,0.101414005243455,0.116271063236943
0.175280656710555,0.171570026754777,0.325412096491647,0.373505912773292,0.25490350879373,0.248048643668768,0.197369278963814,0.135300377682782,0.341005738984502,0.188401350889333,0.251076529302556,0.214366733887149,0.209353588336645,0.23794950101982,0.175795776336448,0.195562508028278,0.160498487444002,0.155611547806857,0.172791475607687,0.145751666214941,0.118112691249137,0.132412659863112,0.178326381094644,0.140284042851654,0.105702107476912,0.118707140711598
0.177999113691704,0.172126747305004,0.338098666558484,0.401491056552476,0.261550434241467,0.26117116106944,0.21075712166971,0.137261887746009,0.352770182264081,0.18028674003777,0.273998287471822,0.255938026925245,0.213553218338733,0.244559852465789,0.174288335092884,0.194658356578693,0.162827994583828,0.160748683051998,0.173991132868157,0.145036230973546,0.120911119073403,0.135328147335908,0.180282819944887,0.146307164510144,0.109996580660015,0.12081120444764
0.178731336389408,0.175022845430727,0.35082390102523,0.42490837547154,0.274242758797731,0.275157132127906,0.225939760604272,0.137924967204033,0.362948593561243,0.167960518819922,0.308565341253421,0.250261563673215,0.218226143567627,0.250560611755773,0.172612419929297,0.193424918467174,0.163850030810732,0.164793972057057,0.17567317512896,0.149386233139132,0.123838661573791,0.137957891591324,0.182856823775515,0.151726188848131,0.114632599340178,0.122404393659896
0.177371383068496,0.1791886045939,0.375771508872946,0.455066163232137,0.288183733482697,0.287507199081378,0.234210195649129,0.139982798878256,0.370382436907568,0.158245518683171,0.343443617176123,0.244965700470207,0.225081532968542,0.258476526955083,0.171229355570842,0.191789373804154,0.164448278803453,0.167105845807599,0.177204311165408,0.156731705440687,0.126880713143932,0.140338703935273,0.184120605536451,0.156516527602882,0.119111667891415,0.123499666175394
0.176244870109704,0.182170569544547,0.4124181557959,0.477421744014573,0.295039984632688,0.305805324109451,0.240811261647644,0.142769884382073,0.380596178739136,0.15392657784717,0.321625230268672,0.259086218860032,0.233199890263324,0.264919241199192,0.170257593323953,0.190171178500604,0.164347031411611,0.16944380248768,0.180195573780559,0.163374360908199,0.130033479053283,0.142800082392118,0.185647033048758,0.160743065345426,0.123223066753278,0.124640198029718
0.174036599511498,0.184435561096086,0.451276807823554,0.486612026360789,0.299758767271848,0.32015491745766,0.245319861358054,0.147769882148661,0.399266297225471,0.152212907104834,0.33368407571803,0.312698496882871,0.241861264277683,0.268263028835056,0.170079498455212,0.188492075153627,0.163719166466294,0.171214510984997,0.183230522663065,0.168698165711236,0.133367947991816,0.145155811151718,0.187012782522065,0.16497636542088,0.127629715561475,0.127383935224079
0.171023909389083,0.184546700161481,0.476265972578782,0.506238699553985,0.307988634921065,0.330505234512346,0.249393353169639,0.153074682898317,0.42607664953788,0.155475841148926,0.333345891457926,0.323401564868245,0.247692768404264,0.270454860399589,0.170429993605384,0.187232599751399,0.162543758373643,0.173070044078046,0.187007598003828,0.177099158144904,0.136644019547834,0.147444212094834,0.187557061592154,0.170369539544456,0.132078750314487,0.130669472891881
0.166696846777382,0.185568169273813,0.490203608870913,0.518506550379608,0.321378297903394,0.344254587221349,0.256804129624763,0.160177372533616,0.465943359222765,0.163776498136778,0.322680262963674,0.352513967529747,0.254770862325199,0.274637669781666,0.171351156239858,0.186787670314907,0.161896119485233,0.17514274157499,0.190935751463716,0.185207460378828,0.139584553490011,0.149616349230813,0.189119556071265,0.173965663356208,0.136264860899877,0.133679575520893
0.163049540005978,0.184356137232398,0.507461942086385,0.529230549721173,0.335863647593614,0.355559502807452,0.263927250819309,0.168387657667813,0.493961472945015,0.17403283690071,0.310532168246518,0.353128598224473,0.260382278778323,0.277992539212431,0.172538234102653,0.186675889860149,0.162423085228181,0.177291845435817,0.194129814360817,0.190615106201957,0.142542923115282,0.15148798505685,0.19016017967727,0.175962978041245,0.140554507249989,0.136545529088932
0.16279452118901,0.182596771378837,0.523707290564257,0.534029094131033,0.347432828494288,0.365494122174089,0.268233821829298,0.17723541665794,0.523546736697439,0.185363063223836,0.306867002046027,0.30557167629677,0.264539361172392,0.282237255427285,0.174523394702183,0.18693341300611,0.162838330715036,0.178508373177923,0.199488407964982,0.194104091146982,0.14556213572335,0.153150475818805,0.191652910464501,0.180884686033641,0.144764566101512,0.140034934824444
0.160193844782351,0.181204672772185,0.546751418272894,0.541363239029373,0.354616695138976,0.38009652107926,0.270974653132291,0.185004512729409,0.548398502044093,0.198837442311544,0.342952566139689,0.300121074571576,0.268783282064587,0.286902952507918,0.177394887086511,0.187332728101813,0.16307601382353,0.180645386032549,0.207910316867366,0.197393082606732,0.148506085666195,0.154761702591278,0.194436588008143,0.187035535164837,0.148464871540117,0.143997361039829
0.159097685360333,0.180891918140125,0.563667862594584,0.541772671414266,0.367121901256247,0.380632807841485,0.274610829040441,0.191110154522491,0.57205935513975,0.218169004480147,0.367516261736389,0.281800996899067,0.273572675207426,0.289246759477391,0.180919304917098,0.18855117380519,0.163733847954264,0.182908600920502,0.217001319503253,0.201968217748365,0.151260761135806,0.156413556578959,0.198803278250863,0.192756603140293,0.151938799316216,0.147462660671954
0.160345540235274,0.179410491307927,0.57659859076952,0.541773424357706,0.382525209076414,0.377035913390124,0.280930962792651,0.195848108250815,0.579303146970012,0.240561933869267,0.364370975742793,0.308334667829648,0.276462259870059,0.289187419585783,0.185340347352129,0.190009349551144,0.164397793344532,0.184973716970463,0.225960399573503,0.204172673809008,0.153688328008292,0.158030514753369,0.202238244012675,0.197991189623336,0.155874627464871,0.150446917086152
0.161098947681823,0.177752873211654,0.575568400739042,0.536621756431292,0.392359563422504,0.380345615164348,0.287470960277774,0.199123124352075,0.597045724747288,0.264989550582982,0.391508616781186,0.321753434292649,0.275504500467972,0.288609530473948,0.190629584318235,0.191893114171121,0.165507575558664,0.188009292379769,0.235712268924141,0.205379224061196,0.155977967177044,0.159787155861755,0.206277166990343,0.202197593751104,0.160008955035555,0.152389988477671
0.159725459715003,0.179068530429889,0.575147817879007,0.528270539593032,0.401213422895878,0.392665167060609,0.294542150711132,0.201081230715093,0.600594363911907,0.287524462046948,0.410654440500056,0.327766443139528,0.274269374673267,0.287948229589853,0.19552480266416,0.194059074223013,0.166786136389772,0.191756453453805,0.246324078218728,0.206670602354431,0.157990621318183,0.161724533919873,0.210297320760812,0.207125137998654,0.16392227832465,0.154656817246338
0.159105179461674,0.182097726312542,0.576017221242466,0.521907674850602,0.406332355669173,0.40009497809242,0.303519933261425,0.203138869512311,0.595286074527185,0.308583972489735,0.406284185327792,0.334593220632239,0.274165188934065,0.288922124557139,0.201294216297931,0.196672014940305,0.167571606090071,0.195341522283865,0.257477115358537,0.208242471678186,0.159604341051371,0.163400845860836,0.21347934403162,0.213489504101705,0.168881662936176,0.157090673411418
0.158339265994241,0.184734141560071,0.567262536380233,0.519455983654319,0.412185854994705,0.394041444546292,0.313472678173874,0.203957247159009,0.59689563733359,0.327912898236807,0.421592831681493,0.325143890408324,0.271555131343331,0.289438370882481,0.207340467718001,0.199443988586583,0.16850072438683,0.198680235691396,0.267045920883867,0.209220843340181,0.16090799498607,0.164875791210012,0.217652563203924,0.219667646091368,0.173849888560597,0.158913029211791
0.157711446424512,0.185641270618504,0.555784540702236,0.520803819002437,0.41907653526626,0.395795273272424,0.319201574775527,0.208646432738319,0.585277993643474,0.346751598096257,0.427766570173454,0.31207721067862,0.269582781635677,0.289867070543482,0.213653120451401,0.203036420182673,0.169821387973281,0.201814482468186,0.275292819918118,0.213176251934754,0.162332949639095,0.166200975058774,0.221512122551504,0.225686196825104,0.17846847239463,0.161294739102825
0.158236496872903,0.185748490738485,0.550174800836469,0.515530802015995,0.429875791273911,0.400395089104937,0.324946585149649,0.213052071352731,0.585240280539203,0.371462328119856,0.421271529993137,0.296161132664207,0.271383143796192,0.290496612389729,0.220361892156167,0.20705261452006,0.17124206039853,0.204745607555896,0.283380829219798,0.221508834190624,0.163711488415066,0.167468018551159,0.226338066489384,0.23085286473943,0.182723204396907,0.163471729552941
0.162035416183092,0.188891840799467,0.54441411100885,0.508119174478503,0.438086570740903,0.400316308018567,0.332966241830433,0.217740688694241,0.556185636831591,0.401733671755724,0.418951687729465,0.312267957519217,0.271500106394852,0.290537058205974,0.22729497159553,0.21163765137005,0.171966165054522,0.208077992996857,0.29169470454463,0.229164705996739,0.165096304685268,0.168608687882662,0.232766511530718,0.234999013050412,0.186374089278162,0.165603944075884
0.166650705039009,0.194240709879232,0.536868998475782,0.501904035950435,0.442188102855397,0.399515629517003,0.340896647418213,0.224271261718917,0.508776624365435,0.436646752309362,0.405549246587936,0.33929579838623,0.269677135294637,0.288809196825506,0.234404894098255,0.216375737680775,0.172195031776237,0.211288012666593,0.297306455970708,0.235529115091951,0.166772521404659,0.169631685208756,0.240089547072408,0.239160765455799,0.189634329739799,0.168225734979774
0.173593915690349,0.201363229092737,0.526867927037097,0.494246933389018,0.446135851005177,0.397947792099139,0.349145416422101,0.232483704882277,0.488898846920658,0.476641374581461,0.396514902134832,0.352407373830762,0.267010420161912,0.286501765274852,0.241133362282587,0.221628778229866,0.171982320040424,0.213957294929343,0.301080115330348,0.243251799352747,0.168370205107676,0.170731063313267,0.247421635551754,0.242967780882882,0.192695623584563,0.170490382510538
0.181786040418032,0.211364598874034,0.515005134516721,0.483506327428234,0.450350396537489,0.391398863469466,0.356424924529525,0.24054667226709,0.487332416206575,0.521096931288517,0.400373124558355,0.37210186452238,0.265735594795022,0.284819484043882,0.247404359829494,0.226958364576573,0.171081312418673,0.215868667706147,0.303350699995025,0.248806059803296,0.170039680577236,0.171646133721695,0.253387173013049,0.246025103825288,0.195856840644026,0.172255348423935
0.19011515012843,0.221636187525752,0.508433472546447,0.475177592010144,0.454348659443021,0.387922611981235,0.359708099361929,0.248317343483207,0.515888027299978,0.562727094865642,0.366367793823626,0.381982823229054,0.263899290368276,0.283371791642731,0.252933376976075,0.231880133713775,0.170632539791275,0.2173291924034,0.304301772897766,0.252894856769983,0.171733341791335,0.172591327701357,0.26007157185468,0.247200199229647,0.198615313089026,0.174203989757203
0.198536833124856,0.232760821244355,0.507564785062892,0.468644310034371,0.459182760291279,0.395291120602519,0.362348859592045,0.257526130463092,0.538178547467708,0.596983635960925,0.332116205038675,0.383127004199641,0.260872517779324,0.282437218769904,0.257649271927462,0.23664552597839,0.170075055625433,0.217802365820018,0.304462062101642,0.260169776733985,0.173325066962482,0.17373027521491,0.266784262485961,0.248103494060487,0.201046291961553,0.176488471067517
0.208332687092279,0.243324186983915,0.508281266233972,0.461501440197977,0.457568087578335,0.391149606327096,0.363813807827724,0.26609849558641,0.545426820407364,0.624595520319051,0.344893393344914,0.386118929530158,0.258365109674354,0.280236471635175,0.261544061119313,0.24161402605008,0.169847393049623,0.218367331827918,0.304564470257794,0.265372705687568,0.174854920219942,0.174795524156331,0.272289694409641,0.249983538102703,0.203639927923037,0.179099605775208
0.219832664789794,0.25364892763501,0.507622215374238,0.45431937664863,0.452271841329458,0.391604923695927,0.364391826363469,0.275261189718656,0.598857991171906,0.637765324142115,0.344045700714473,0.370205508151338,0.257141997307588,0.277343978607483,0.264961033455223,0.246176354523266,0.170257691293977,0.218756431881265,0.304286107108832,0.268265217907636,0.176505575176638,0.175723359513476,0.276361098618798,0.25157013684827,0.206800680920135,0.181149192529147
0.231584243346624,0.264974887035268,0.505693725824623,0.447115771353819,0.45794791827419,0.389190516483124,0.362156681104579,0.285071639292589,0.637950808782334,0.636077083630164,0.329434403801579,0.343877203759731,0.254968213186674,0.274414656967143,0.267915327470818,0.250044182731232,0.170867663299569,0.219256680011306,0.305119703677383,0.271070604069318,0.178164081337711,0.176537321168619,0.2805597481362,0.251084845601193,0.209583984565712,0.183065193636582
0.242056443147583,0.277432532401248,0.503602927620017,0.437330132758526,0.461554240516274,0.388813225437463,0.36099243848114,0.292826238682775,0.674694093610776,0.630091862859826,0.315727889925713,0.335435904605174,0.252411667613713,0.271108786653944,0.270068224593194,0.253523884797245,0.171501765317136,0.219609354729404,0.304864299003634,0.27287900688942,0.179916408955187,0.177662788238218,0.285592495045282,0.249518215236673,0.211778117201409,0.185384509023521
0.252325386958476,0.288678487289187,0.501861578606128,0.427263604037672,0.461523044402065,0.380931260143486,0.359544278823365,0.299470639225018,0.705827277956255,0.617723521316612,0.302682686726184,0.339117314946515,0.249793997657468,0.269436137850101,0.271925720256482,0.256591597754989,0.171778962631525,0.220287960724397,0.305549675423312,0.272859477799707,0.181212114594568,0.178940212165274,0.290552914192737,0.248900270301631,0.21375725085441,0.188039145639915
0.26263565231952,0.299224692080638,0.499214249176448,0.419315208929987,0.460185459350488,0.379588224916808,0.352362010558086,0.304632593464744,0.7255362634544,0.602739310887187,0.310082647632163,0.360034579213514,0.245584338306909,0.267928280289053,0.273619249402015,0.258897112957986,0.172659855359155,0.220477931449421,0.307070234122145,0.271166527250126,0.182415910670915,0.180199134207558,0.293720453588923,0.247817819412242,0.215880300174246,0.189993783063284
0.272271660630586,0.309898394206767,0.492095023085359,0.409642957027163,0.457944406784681,0.376728609694792,0.343168977097835,0.30862060836754,0.732914035654972,0.580786230641308,0.312932211997235,0.377942453315851,0.241025169217884,0.266171452879169,0.274711666882656,0.260862706085871,0.174672755272944,0.220855647749022,0.30777927937911,0.269943052292133,0.183823036471303,0.18151765681348,0.296762508092424,0.246728103395956,0.217903828096718,0.191882050093601
0.279744069497861,0.320323295345138,0.481115335574895,0.401461590324072,0.446742222311345,0.374342521263995,0.336969007201959,0.312738970043682,0.723709131230732,0.559668645066406,0.303321625029765,0.361758260363192,0.236339853884727,0.261385019334963,0.275172047569603,0.261852390859814,0.176130390720756,0.220738346800949,0.308466003182453,0.267052316077147,0.185349281939184,0.182946300811117,0.297461335043106,0.245761777283292,0.219990731473488,0.193780118050266
0.288388543517882,0.332404048475608,0.466515165095782,0.394505167369924,0.446750747115959,0.376839438800332,0.333624724391081,0.315638283481419,0.730684112448248,0.546905588632743,0.300529621911172,0.379118491934663,0.232044967212857,0.256052661567842,0.275266409078897,0.262814447228271,0.177117595298998,0.220360677366554,0.308170153479656,0.262223087491785,0.187020263528385,0.184502831967037,0.297738829068308,0.244413288933077,0.221986384135897,0.195825869264307
0.298233170181743,0.344312700482628,0.452550905932603,0.387070074899213,0.45364721687226,0.381380007539541,0.332194243996551,0.316080752613982,0.736466531703902,0.542448946693265,0.32399374049759,0.366347785703399,0.227841380759996,0.251034414481303,0.27526948215335,0.263907758968387,0.177516563031603,0.220447835223708,0.309171300865746,0.255243587943438,0.188776843183381,0.185995856831086,0.29642378421155,0.242052902813661,0.223938350508388,0.198124916937193
0.307724117814994,0.357897733318944,0.43933108168444,0.377412197170797,0.457955092640686,0.382451165131097,0.329766686510023,0.316019190465627,0.739090443100098,0.547596426405206,0.297681446356966,0.351461352600395,0.22303228231131,0.246193530501035,0.275131198872581,0.265282162946264,0.177877933863563,0.221467100577037,0.309931817063869,0.248535828004613,0.190320162740767,0.187467929879153,0.293283448599016,0.239837698541172,0.225474691689102,0.201000561412437
0.320399625346449,0.372687708429226,0.424996780975988,0.365915884433972,0.452667044105232,0.38436058280973,0.323129960267574,0.316318390628678,0.745549643620461,0.558922639110113,0.319540011872172,0.335976246728428,0.218347023309935,0.241741526272217,0.275475917361943,0.266275737300651,0.178279799967568,0.222301520130688,0.309066743388424,0.244004407911762,0.191884418530083,0.18862985780091,0.289754665296473,0.237408879696044,0.226504448990142,0.202971967613948
0.335985565278874,0.388230457417571,0.410451646809388,0.355629848266047,0.440660373832662,0.382492674885685,0.314142351762649,0.314949158879872,0.741060271326437,0.574247533034046,0.33603223738033,0.311803078855437,0.213852741563548,0.237377282220491,0.275944026621892,0.267055657167592,0.177499172237459,0.223416058812497,0.306892913329395,0.239676226479148,0.193504928736582,0.189762644132119,0.288283688582082,0.236148886159162,0.227134875321576,0.204699380471963
0.348712690154937,0.402919903436813,0.395922765551515,0.345710737680426,0.435604821009632,0.37280473640847,0.305763780894645,0.311279248282264,0.730162547825415,0.5867105008838,0.328410831491639,0.303602506474379,0.209285116632587,0.232958020927161,0.276209830084321,0.267525692946602,0.176850362012767,0.224908366658255,0.308112531137148,0.236176335782715,0.195026303757904,0.190762951015075,0.285412650299227,0.233735334188212,0.227553774375416,0.206705897675355
0.361780801600093,0.415755270239091,0.382144138446297,0.334757989972184,0.431651163306098,0.368499013735398,0.299001832762037,0.30713183970941,0.719284963980469,0.588166342001701,0.307102258150305,0.329412225450091,0.204383289435595,0.229671837159503,0.275997690767443,0.267535329767709,0.17706047140665,0.22701023112568,0.309615118857186,0.234349591199666,0.196590504391987,0.191654599797717,0.280978693420537,0.230252088031183,0.228097305964535,0.208773044941494
0.373139318998724,0.43029241664495,0.368723241914629,0.324672811622814,0.430351894444567,0.364245118446832,0.296552843544663,0.303756616126608,0.718582516698314,0.582972446447566,0.309726202975406,0.350381169035173,0.200505028886489,0.226204192552534,0.275447848823408,0.267270056838811,0.177663808036392,0.229292738864003,0.310912324348905,0.236393921926723,0.198307013684178,0.192561076222646,0.277806995696278,0.226124397620074,0.228592741386487,0.20998049100775
0.383011093815206,0.440298416618103,0.355978029314086,0.313184537500252,0.422457885621446,0.358114936509047,0.295550497283182,0.298729157431746,0.729508057203703,0.571380254582773,0.347033308016548,0.354075501891005,0.196380469858014,0.22048619462116,0.275012303254604,0.266196727636428,0.178223760835293,0.231406146026944,0.312944058323645,0.241662990718908,0.200087212211197,0.193407736717046,0.27678009211066,0.223373643419784,0.22919704435291,0.210632189712327
0.390214840291573,0.448086486015519,0.343893768817108,0.302527279680716,0.413034205573623,0.358457690108226,0.291322728683704,0.292984451131525,0.716821039507794,0.556562710165291,0.332846645543373,0.341936510579383,0.191505619640548,0.213767365438476,0.274095725172205,0.264874870963501,0.178484501969895,0.233943565033078,0.316813971600511,0.25214920361986,0.201954785828449,0.194315926892076,0.275267986702871,0.22025937847716,0.229949425833161,0.211930779671077
0.394584324138644,0.452694121306827,0.332937158523196,0.290383253200506,0.397038992024296,0.353787273035768,0.285259577245152,0.286616594916926,0.697498639782487,0.537873314788332,0.338241105185605,0.333401581793326,0.186063849033239,0.209133351031572,0.273257439158024,0.263167078200726,0.178427441616497,0.237102369915954,0.320106778958708,0.265926196675362,0.204023968237219,0.195349385233095,0.274065276471439,0.217656003548166,0.230596055978385,0.213363598785074
0.399555068683015,0.455292549343305,0.322105847582543,0.277351545953006,0.39294852765101,0.345938191763815,0.279502522053213,0.281284325478043,0.673317637577644,0.51029823629853,0.332959978282697,0.317913551509699,0.182042370985258,0.20533142111927,0.272543235028177,0.26053173724859,0.178920040589455,0.239905087406283,0.32601411409659,0.277007229538526,0.206275548791806,0.196591366419286,0.275150097729511,0.215101601943489,0.2308326723046,0.214812015226364
0.40317177652956,0.453507252124996,0.309699149737158,0.265233611714136,0.385643488238672,0.346177372172818,0.27317831434101,0.277832865679252,0.629913742824485,0.483291871497632,0.318850866002303,0.307045126843919,0.179127489612007,0.200452317340998,0.271682203639957,0.257458974475221,0.178669753622331,0.242932302782381,0.332935794465598,0.286875805405128,0.208508957690569,0.197649970804076,0.279823148126957,0.213562585439423,0.231106519505471,0.215926921326779
0.403377789227893,0.451580365164211,0.297045007414244,0.255764507614812,0.369516416788965,0.343239256142483,0.264769761066893,0.274942145004483,0.595988311962784,0.446827134044943,0.343593369337157,0.310263528534051,0.17634284357779,0.197640168129229,0.270588507340002,0.254325077369467,0.177932699010945,0.245613750704377,0.338560931634569,0.298223630846589,0.210492936989347,0.19856617576914,0.285607295412965,0.211479416824011,0.23190601331761,0.216752653886076
0.403340498670772,0.448763003012418,0.28329680241873,0.247065883697869,0.360605985339472,0.33641484295297,0.257290791169761,0.271829584539008,0.569071834385486,0.424628159304364,0.37135144754998,0.316585069149408,0.175632767218816,0.196357821815464,0.268663266950491,0.250902276299049,0.17616708333464,0.248119612265464,0.344161815026516,0.31311409495648,0.212329371220897,0.199227641385232,0.290527823336559,0.2090732940349,0.232971662862652,0.217875457775729
0.404799142150049,0.441653846060935,0.271022477415814,0.238376897802684,0.352198340159274,0.326258668079054,0.246847275925223,0.268756671648194,0.555495490853302,0.406585248375443,0.387815546283156,0.31118868359053,0.175813578580523,0.193829473243463,0.266640117619007,0.247140034823339,0.173817299733266,0.249858958498824,0.34833859557936,0.326133509416536,0.213967441254882,0.199967598465494,0.296182895226653,0.205448917699946,0.233683886709995,0.218798210847509
0.405494146688573,0.431109517154688,0.261411012571857,0.232277804117096,0.352711854268785,0.317245636119083,0.235497053240001,0.267825873061708,0.552701509337784,0.395547570631729,0.372599240055572,0.318024101930367,0.175425691317905,0.189418672870484,0.264144081971704,0.243404685279139,0.171801711766578,0.250549484902972,0.352325101011775,0.336253667195619,0.215340321192894,0.200848582570954,0.300241450736996,0.202365127901703,0.234083032397568,0.219266799953043
0.403147238937777,0.421693667113979,0.252621874087233,0.228467678090824,0.349985727671934,0.318602809878756,0.224799167271784,0.266769380371584,0.561614904476721,0.387914110763022,0.349783374593994,0.352453349085524,0.176608036129312,0.183863220305673,0.260744313161073,0.239660244799034,0.16933981810144,0.251352939574171,0.350938281972552,0.347950866193038,0.216828188545342,0.20150304539371,0.302233172032096,0.199309109934613,0.234709297300413,0.219647138776751
0.399049093687157,0.409062014306237,0.243861655146721,0.228450390237678,0.347633219104868,0.316112018879115,0.216576712928443,0.266037961173279,0.588911474898379,0.380924728719867,0.345671077815775,0.358129911393712,0.178370116485868,0.178019084322927,0.257855148204851,0.235757088526704,0.166460546884943,0.252154259964931,0.349384750750085,0.361754707113034,0.218325857179658,0.202129881620379,0.303811563671832,0.196351254608597,0.235242014238158,0.220102536498503
0.389874921712696,0.391881500497164,0.234783774337691,0.231727755293367,0.350542899268831,0.316568887382097,0.212456395368209,0.265819322488701,0.587998832300609,0.372910480803738,0.3790047684052,0.351225879666732,0.1811909519683,0.173783249703329,0.255243995771476,0.23181653739221,0.163062552095525,0.252104465253731,0.348164572438345,0.370211961822867,0.219766132630448,0.202950322653296,0.305125417712424,0.194921845243216,0.236072089329449,0.220556211688133
0.375838721407884,0.372279283179999,0.226887323812532,0.235905793392977,0.336543111283501,0.325451606541907,0.207601998876262,0.266971707215564,0.603882217113843,0.360397875793742,0.37555762478494,0.364113373439557,0.183007614977902,0.171302346447146,0.25247827616499,0.227651924315505,0.159577489064896,0.251712919629185,0.341738885519495,0.375720164590672,0.220845333289978,0.203536561514265,0.303083898419439,0.194734944884085,0.236580891215796,0.220804250389969
0.358893587790275,0.35227367357278,0.219977628617473,0.242623320019653,0.331889332881393,0.32718677410715,0.200777083298593,0.270476399376201,0.618386582262957,0.344747337333938,0.375951392667659,0.348740625102925,0.182409834369701,0.169733789949322,0.249572044717272,0.223627183688997,0.15582678498092,0.250538799299257,0.335970333004564,0.377543097401718,0.221719571546378,0.203879867974266,0.29783599140377,0.196185003152309,0.237085804151192,0.220866046010987
0.338748134813478,0.326147011980109,0.213974703237044,0.253547093927982,0.332497073572139,0.327212934036454,0.193669243909848,0.270513297588901,0.62468087430194,0.322759390575297,0.34265900941954,0.355823472866334,0.183566300407974,0.167923946550565,0.245975146414888,0.220133287264051,0.152359905734325,0.248699012888907,0.325995631448421,0.376197071887823,0.222389046825215,0.203915780258788,0.290481888040822,0.198719797078758,0.237541566217722,0.220952895983732
0.316081932902964,0.297539246952408,0.210262964180813,0.26425657882195,0.338841600603673,0.320659328828196,0.187162395684781,0.268299659224844,0.614748034997452,0.299799963150665,0.310761904120804,0.347831211130419,0.186307715359151,0.166425449796795,0.242217952688518,0.217629648112627,0.148301115381248,0.245071186081581,0.31441626772566,0.367661777833962,0.222793261905494,0.203883143684962,0.28301626211328,0.200904363637288,0.237790682258801,0.220983561696086
0.289652193233098,0.269061278044328,0.207084703041285,0.273751192390397,0.338092540968184,0.319022433439521,0.179628085521194,0.266860041618236,0.61417450882323,0.277346900252231,0.280580804611503,0.353354286045953,0.190190598975339,0.166725412496775,0.238833917486395,0.215913906044554,0.144107045890927,0.239081491215938,0.308187489524248,0.353013348035225,0.223051874497537,0.203824842508936,0.274602690506314,0.201672707821332,0.23780214247298,0.220675513425268
0.260692857517988,0.239846534827765,0.204557862952252,0.283802154519483,0.335408541820087,0.315951969555035,0.173797687440008,0.263320096741688,0.605305540610791,0.256419375719667,0.271814311180354,0.327292413743071,0.195230364945196,0.16620162112088,0.235209030872267,0.214916002435989,0.140107478454472,0.232102320157007,0.302805794719821,0.329744925605765,0.223039367512652,0.203630628560252,0.263759567793706,0.202607066984246,0.237637866601091,0.220574759744969
0.232870625247633,0.211171767503242,0.203466751988837,0.291991819833356,0.327755591396707,0.317216265006338,0.166109818616768,0.255578939286483,0.575240027616303,0.236731244376911,0.251550603071579,0.324416834004915,0.19813490278559,0.164528638402173,0.232111048055922,0.214478500082534,0.136035857417282,0.224663107944493,0.298417303372165,0.303848732250145,0.222917690661829,0.203135630219092,0.252698002708287,0.204801527740954,0.237407963153005,0.22081882367526
0.208013853516205,0.183895543361037,0.20842549498596,0.295927843935689,0.327275930282577,0.312229595975673,0.155844288579322,0.246329352142476,0.542156045391541,0.217769236618182,0.232727641282711,0.331568728766711,0.198839427857368,0.162983459971804,0.230118697189734,0.21499543412047,0.131978444174857,0.217469400877473,0.30003209015559,0.274217622593907,0.222714768130194,0.202262860204396,0.242895634344318,0.206666133901996,0.236794573994156,0.22154887807645
0.184156145871336,0.160673151297609,0.210970099935679,0.297852934988653,0.321732795148573,0.298330082161033,0.146651621098211,0.236228583122719,0.516085300656737,0.201230858173266,0.257404414337858,0.281979150911324,0.196718008362593,0.16084026168326,0.228743952994584,0.215718893034724,0.128511555166137,0.210959374664021,0.301865288337013,0.248063621065773,0.221997968071171,0.201325309214999,0.232388303236092,0.207781934844804,0.236230774146257,0.221708656585594
0.161122248321038,0.141363779420711,0.211877607969179,0.298198975888479,0.323111034384072,0.287521849054047,0.138920398861572,0.224191507773775,0.496416407451675,0.187154710906602,0.268844868318687,0.279212938616331,0.197120840647442,0.159459996566881,0.227495392730103,0.216270392959956,0.124999616387481,0.203937672107835,0.301289441633169,0.222260499768052,0.220880629802878,0.200253697091123,0.222248326619236,0.209542797140061,0.23593379312716,0.221495327292757
0.137736090491775,0.125413322355149,0.214940148448545,0.298235473659149,0.321276486542403,0.274518103576616,0.130579596636178,0.211856048003498,0.456569630915387,0.177462359410918,0.243020442608413,0.277132351016362,0.197034503709897,0.155918294899036,0.226277346908077,0.216510415158086,0.12165028447652,0.195925065224716,0.29930220942778,0.19804627097502,0.21919994878956,0.198946657634157,0.21263914975744,0.209254290519299,0.235355179290726,0.22089531310202
0.119098124446702,0.114319818971336,0.218565978186186,0.297006958715834,0.31287975680567,0.261586788073353,0.122877889109874,0.201474937179899,0.425716189136546,0.171991293232765,0.220212449601197,0.25837472593756,0.197410136751663,0.151975566065911,0.224084829777225,0.216542132342682,0.119148245518615,0.188536598838724,0.291287245462899,0.182539883447377,0.217141912145964,0.197309257299798,0.203590014610177,0.208236130843424,0.233810758406784,0.219262284689529
0.105942028592996,0.10316234866888,0.221575195677657,0.291839895816971,0.302981652733589,0.252302523442962,0.117430454849777,0.19334287586248,0.402614233504717,0.170441790644036,0.192000561680077,0.223946007844896,0.19839908017652,0.148420850633642,0.221429279688276,0.216335236929644,0.117109643032868,0.181134252778349,0.280313209364334,0.173025033429398,0.214729787046793,0.195497695539197,0.196091511317993,0.206971030262887,0.231533249410231,0.217192895787371
0.0969913331078005,0.0921696193638738,0.224761396382174,0.284761231562345,0.292651831515413,0.235738038263479,0.112592092235536,0.188009067654507,0.385180575479247,0.170422954694099,0.185244090092921,0.178940393893029,0.199169738779344,0.145947828722443,0.218794021492195,0.215969798298112,0.115301492232138,0.173733421674421,0.267266112344094,0.16792263001846,0.211697519957147,0.193781542284036,0.189355749514538,0.204645339918588,0.228873151988716,0.214960704077189
0.0908416256604049,0.0820050873673296,0.228672113102953,0.274430904499836,0.282506734798857,0.221870623183637,0.108786087925126,0.18166158904835,0.369757591272807,0.171633372344659,0.171945081109968,0.155776738099129,0.198545170883767,0.143844216535705,0.216150481854107,0.215389731705143,0.113839518659243,0.166254891086196,0.248857013299931,0.168991059727097,0.208205990057188,0.192122870156346,0.18240374886149,0.202293682573887,0.225913238202535,0.212139172348178
0.085270327661353,0.0745463932694966,0.230248989699898,0.265305543217432,0.274649400065428,0.214589501411515,0.104433848906017,0.174814918885403,0.35287050781578,0.170984407465754,0.184330698906013,0.126197652525706,0.197122450242048,0.141580970639459,0.21336885856333,0.214262234504961,0.113109766807022,0.15891172245481,0.230243529165936,0.173312336318137,0.204364829966088,0.190493249692231,0.178753315762424,0.198782670027623,0.222640227639737,0.209149015392902
0.081236836407125,0.0688167879717647,0.231767193954091,0.263047904149632,0.267389935442741,0.206819558429757,0.101309015625575,0.167659011122513,0.339559274176926,0.167087918928302,0.190165193110829,0.118709778526049,0.194764988396589,0.139314632574798,0.209449362912274,0.212365339469397,0.113201798838137,0.151579162013154,0.210031051791303,0.176274051176732,0.200294471496513,0.188842671588733,0.175565428933405,0.195330865919155,0.219289790786098,0.206476821028313
0.0780952221694179,0.0653828396746342,0.230991764393156,0.256521079704463,0.251427987735156,0.194658271545318,0.0993091951925797,0.161376000431928,0.331902074011665,0.160742254747859,0.195891683072779,0.158345674542146,0.191599741301771,0.136207126675854,0.204295923050718,0.210354042975013,0.113789946836099,0.144646345285298,0.191808667341862,0.169770086639783,0.195833395876953,0.187133705801289,0.169830993308648,0.190796597446288,0.215830012035369,0.203430732219072
0.0782158557758441,0.0644082110432987,0.229560672739024,0.24794618006294,0.237544846144359,0.183040638833316,0.0973663461116062,0.154687983214614,0.321362194364173,0.154648221466589,0.17826736883754,0.166719529626825,0.184195307479144,0.133024171054229,0.199207239448106,0.208140784290567,0.115247720521936,0.139090941318478,0.17928344812065,0.163285469420597,0.190903696905361,0.18542283686988,0.16392674631853,0.183865424103005,0.211802172203619,0.200080967927461
0.0794117030962342,0.0665960071580717,0.221647483175851,0.240425572002034,0.223870936975975,0.171292611807062,0.0941471159072193,0.148358652065462,0.296173216089174,0.155130779751591,0.178706291340518,0.173545569878655,0.175261949971872,0.130090102628563,0.194048861015996,0.204763931601163,0.116835805195651,0.132953469765039,0.172989563219735,0.156671830971428,0.185364721858311,0.18354466053502,0.155649667410194,0.176440907414365,0.207197691035026,0.197158860410264
0.0815723716344152,0.0696331407769691,0.212698518324153,0.232636743717464,0.204122346682611,0.152982187992778,0.0918305790313888,0.142826040602544,0.262818036326466,0.152577188936967,0.195431478033653,0.169646854407107,0.166379364111493,0.123737179504565,0.187926572796339,0.199691051230287,0.118174893626073,0.126702338073976,0.165886788201488,0.146048253777398,0.179137598666349,0.18139175724445,0.147017867601249,0.169467806315599,0.203464771200432,0.194539872644285
0.0838972937626113,0.0723842400546118,0.20509384916875,0.223637701828502,0.188538562801473,0.138794781819751,0.087690028374755,0.140083641126204,0.245566288518973,0.149813975344407,0.202739419744358,0.141474369585182,0.158379810791605,0.118170684231279,0.181414328968588,0.192719127891032,0.118427690761966,0.120388675368836,0.158801489683566,0.136341660486359,0.172307290566664,0.178943470103623,0.138276369382554,0.163401915559179,0.20001846488514,0.192583542334359
0.0879656773612423,0.0756024395322837,0.197576985672222,0.214155937622961,0.175336695427194,0.125276513665434,0.0820080813062825,0.138254605265077,0.240693941175889,0.141947395604711,0.214904912085067,0.122889947405339,0.148520911449097,0.111634674303149,0.174391256628157,0.184648692111065,0.117133750992807,0.114854972732547,0.154423334873956,0.12723317056649,0.165195301472572,0.176237170371172,0.128554474601175,0.156192029690058,0.196494929884894,0.190782415181122
0.0921170081458232,0.0787162249965983,0.18896187243075,0.204122416034606,0.15250346157643,0.112694605518176,0.0775125517063789,0.135224110535723,0.234551120914463,0.130612579493207,0.166665516767358,0.132416908342345,0.135193823285308,0.102683668717645,0.16652589804546,0.175362579043758,0.115213395106215,0.110220333175229,0.147346679490011,0.1156069942697,0.1580502668533,0.173255282719773,0.118023089660195,0.148190164729718,0.192889936793955,0.189982665561772
0.095711416604825,0.0819158485490898,0.180064314700204,0.188894407152082,0.125318347438506,0.102989457681419,0.0746282033038579,0.131571151753647,0.225459240211045,0.122477694979559,0.151719089341069,0.110467176651874,0.12285162684146,0.0948776305550851,0.15781780540085,0.165487275755712,0.113309376180703,0.106701130524053,0.137031110577032,0.103311768993733,0.150688508125594,0.170130463616626,0.107893517969741,0.139372713847139,0.189854755966589,0.190115849580173
0.097230820555119,0.0847759096097195,0.16820371455577,0.170136865840313,0.107319770696012,0.090044187312551,0.0728071437970829,0.126199613410082,0.21549866981702,0.11608514048958,0.138632669228369,0.0879478146594619,0.11213255523179,0.0877315292959514,0.14785833766908,0.154749410322542,0.111122847366441,0.103838210597786,0.123148438100659,0.0900772686686245,0.143252769557178,0.167018309901691,0.100503405473576,0.129878596646593,0.187261084977412,0.190768772018822
0.0963161066831619,0.0878922586371369,0.156552388811911,0.157327944462366,0.0978922891931535,0.0841422213236225,0.0685203842673491,0.118680504706644,0.218246602869327,0.109571690577828,0.134189490232109,0.0605385356987456,0.103326598978889,0.081074166812161,0.137119411911696,0.143091581796667,0.107829618561883,0.100627115078168,0.108683812624261,0.0812765488543561,0.136315320423,0.163905621256013,0.0931069116450079,0.120176285904168,0.185351578983514,0.192368518847757
0.0939979111539822,0.0884373262199243,0.147520558024295,0.147914107118571,0.0924565289935791,0.0839068668139891,0.0633235238935,0.110045321716883,0.207389333737705,0.102944190047632,0.0987205945074911,0.0863461760823123,0.0944345701752851,0.0767407802218753,0.126390890893411,0.131281958381464,0.103676469917765,0.095540482447987,0.0947631663413219,0.0787474031572494,0.130190026295514,0.160860476406638,0.0869882647446207,0.110364944830268,0.184254934895237,0.194766540651761
0.0883915747074676,0.0854092449764156,0.143087407854009,0.138748499329113,0.0867676357669736,0.0836879950752063,0.0600795055612603,0.101447491253289,0.193244413723747,0.094191343578658,0.0820214352955584,0.11109473366821,0.0832352409546769,0.0731565863126456,0.116080873567347,0.120891052483053,0.0996970635365234,0.0901886703884732,0.0847187241273972,0.0753630280110327,0.125147617324733,0.158016055861272,0.0824694162152293,0.101054698449511,0.184116190828884,0.197713461638733
0.0825150159549098,0.0793555887960227,0.142412016766916,0.130448022321303,0.0817664128323733,0.0787417494118215,0.0581128432543974,0.0935545749342192,0.154713357030369,0.0845079631184155,0.0990985005723602,0.109886750481965,0.0719672188348697,0.0672868573184814,0.106733704365521,0.111452796289455,0.0952265336803805,0.0850691231239647,0.0779619615677503,0.0693391899877207,0.121321211042063,0.155380326167281,0.0788616638558726,0.0928230479091632,0.185872222430961,0.200896794600575
0.0772488491474429,0.0734845939105196,0.144417943597486,0.120768801135804,0.0766993588626303,0.0714574135848087,0.0571526710933899,0.0851326245614732,0.111886394039935,0.0712919348869352,0.112777409209146,0.092304627475064,0.06310382748868,0.0636208964387344,0.0995545529286443,0.103188142402395,0.0884944132972967,0.0797356057823478,0.0717048939782068,0.061172157484664,0.117761420841405,0.152672636355426,0.0741547905800043,0.0863888601428006,0.189086434344589,0.204243590325504
0.0664464043374191,0.0652999185122999,0.134175001206422,0.10139366576594,0.0587567020445983,0.0612251018598367,0.0544720131592243,0.0757214206548185,0.0857474105463315,0.0548221692483757,0.0947746607951329,0.0805206089258108,0.0530319310256523,0.0576215992875828,0.0919846186141208,0.0921137821421998,0.0794514845695858,0.0715328463495419,0.0613226017090371,0.0475512191673183,0.114152358250574,0.150028839835081,0.0667962108358072,0.0769655688172415,0.193450553550236,0.2070529696276
