HAL53,HAL54,HAL55,HAL56,HAL57,HAL58,HAL59,HAL60,HAL61,HAL62,HAL63,HAL64,HAL65,HAL66,HAL67,HAL68,HAL69,HAL70,HAL71,HAL72,HAL73,HAL74,HAL75,HAL76,HAL77,HAL78,HAL79,HAL80,HAL81,HAL82,HAL83,HAL84,HAL85,HAL86,HAL87,HAL88,HAL89,HAL90,HAL91,HAL92
0.663925661452566,0.598150035133398,0.600579686485474,0.604008111523518,0.643994707313737,0.672671902194544,0.607779628664049,0.621559673221529,0.614562015475443,0.605465402392997,0.597090321441193,0.623408959414404,0.609753942562616,0.603908657476622,0.592954632152299,0.605035164097971,0.638175082771037,0.628546377236203,0.654677018242987,0.61646988864738,0.602374621415818,0.603980427444956,0.593149359479137,0.59648982192644,0.586960265821518,0.602496777073446,0.625364189482981,0.597444954524397,0.596158093256924,0.598907897619467,0.586562265690472,0.604263406263667,0.584503630240599,0.589153021697978,0.617618735701319,0.6175980406799,0.618682257093557,0.608110172267235,0.604349606294884,0.597277343403151
0.65309187685096,0.590389293200611,0.593269865573191,0.601470436005392,0.631659356515757,0.671064944093883,0.60134233488228,0.621848905290686,0.603163514485149,0.597674715553432,0.589504836630003,0.608316758719699,0.603377488787331,0.59524081409127,0.590002583163736,0.598692893224906,0.629302471298154,0.624487628070177,0.65309501103846,0.610564807867481,0.596530028071402,0.59589410948428,0.585839896731117,0.587693481980043,0.58083582616802,0.596265041125158,0.617909731106625,0.58928394520427,0.58820041816457,0.591875367775332,0.579527342857531,0.598677054172242,0.577543381956753,0.581779944075757,0.612821615204574,0.609867481374814,0.612487222541702,0.600825171811069,0.594245942451799,0.590074241658353
0.64602216671725,0.582631719302847,0.587508277084401,0.599807939139728,0.621469483175547,0.670195696970426,0.596690318208067,0.626594341684155,0.594095570506811,0.591856182130814,0.584564168865345,0.598370157865559,0.597313250804259,0.589053615817269,0.58623738771418,0.593221228118805,0.621537694741573,0.622142939458602,0.652764665336627,0.603923259372175,0.591475718966836,0.588312374080017,0.580213268183755,0.581290208027723,0.576792337444386,0.5905911127666,0.61043133563261,0.582114822038449,0.581304449909502,0.585633718331762,0.573485010476996,0.593817695620681,0.571358781231332,0.576382746174912,0.607438290585675,0.599760885314918,0.604381903304597,0.592185547943441,0.583746074013593,0.584212037223819
0.639896109876331,0.574996590683264,0.582545940345938,0.595228435154764,0.612880567295947,0.67007503096875,0.588915981110889,0.628914299606079,0.586489967998262,0.585605049345626,0.576979339042055,0.589688723934602,0.590846868156978,0.582419142201982,0.580434673950932,0.588101339796403,0.61532939317393,0.620391794020814,0.653289175143741,0.596757515100701,0.585569572314569,0.580884264466969,0.574433514639349,0.576350404050802,0.573675622688994,0.586007292870727,0.603525263890599,0.575464226994686,0.574813485092291,0.579677071399981,0.567845433265677,0.58739283142887,0.566166045820598,0.571625804374491,0.601849836021708,0.589113741307514,0.595997921987974,0.583698370262167,0.574930986404106,0.578985051343584
0.633693986367066,0.568258010149563,0.576480898631488,0.588009747679277,0.604844162006393,0.670363467907175,0.580833160565994,0.628630706045101,0.579435305883011,0.579213107300041,0.56957162324903,0.578486816221683,0.584222002873199,0.575565586662192,0.573307713454251,0.584119760253002,0.609806873531214,0.618480622531886,0.654242247029083,0.589371650836221,0.579600783573903,0.574970155918086,0.566974744438713,0.572125940394327,0.570288736463952,0.582353164040053,0.597268989452295,0.569523059722279,0.568713980821512,0.573151146994334,0.562984318223822,0.580223160042604,0.562133516952459,0.567330402053432,0.596243538546493,0.579616192812681,0.587660307799444,0.575612554489235,0.567095245124161,0.572804468180305
0.628758594245474,0.56275168383561,0.570612690442335,0.580939534294349,0.598405305911097,0.671014225612156,0.572799696088175,0.623445100981698,0.573333215325236,0.573702708112807,0.56415260642537,0.570042839404226,0.577097713199782,0.568913847192096,0.566970931598695,0.579466553399808,0.604661476805411,0.615442735829442,0.655101679207259,0.581821749593827,0.574063587606172,0.569756614668476,0.562172273680411,0.569016072443845,0.566497874775354,0.578866496004111,0.590986458627594,0.565224200111542,0.56532810505161,0.567674702129235,0.559975182976842,0.573672442446719,0.55907072090982,0.562784205220745,0.590120200567169,0.571476734804814,0.579239409305535,0.567848843332928,0.560193995128455,0.566788868915363
0.623798856651971,0.557567797830161,0.566764281652273,0.575669142637278,0.590109207413593,0.671928838270993,0.565542272870159,0.617902596324772,0.567660029464229,0.56863197468958,0.560416876514321,0.564238151551918,0.57118529785786,0.564660527605455,0.562509156020711,0.57545456610847,0.598995456264744,0.610969393953176,0.655584241931592,0.574340020548955,0.569881185611378,0.566032546491078,0.56090745022866,0.567590278508338,0.563994138161553,0.575982790394103,0.58570092965729,0.56315214970218,0.564731031416555,0.563394632935951,0.558674568353177,0.570049279802574,0.557704417262416,0.560243196868666,0.583423717421504,0.564625288607745,0.571064440921202,0.560700441133018,0.554425080338206,0.56261808771409
0.618292071384964,0.552649658586416,0.564908818970829,0.570941928049794,0.583060936266231,0.673037093593076,0.560201007522829,0.610834607534677,0.561630075190391,0.564437444855135,0.558910797037982,0.557602574665442,0.566036374078738,0.561483138059899,0.558873324943402,0.571897531986001,0.593895064260078,0.605594788794301,0.655703248445532,0.566945587495352,0.566896437695424,0.563820498300714,0.562204240153691,0.566889270856952,0.563258519074073,0.572250231937973,0.580934566194085,0.563551584129309,0.566263700400728,0.559888235234345,0.558853533847265,0.567225831120215,0.558599264973424,0.560054392452297,0.576997860934247,0.558839784469483,0.564000059894167,0.554557419794013,0.549801462374385,0.558552192878345
0.615971184675827,0.549290087384789,0.562610443469095,0.566246154700221,0.576001278707275,0.674120601971118,0.557760373484969,0.603121750551341,0.555665671912011,0.559598257847159,0.55587340111741,0.549028198128625,0.56075204514486,0.558413564588669,0.556521467767776,0.569279797787629,0.589543933609296,0.600550808581075,0.655786667480206,0.55997372107367,0.564015570436367,0.560799225114778,0.562496726993934,0.567584717018499,0.564647839757599,0.567929670792474,0.576530198346605,0.562331166044329,0.56730816911662,0.557002154502543,0.560307268376021,0.564322661871099,0.560887262080846,0.561857365811575,0.570819538009995,0.553873278057324,0.558286301490485,0.549610615921435,0.546830547288839,0.555233426107602
0.611987815050894,0.547205879885848,0.559474528220521,0.560498267861772,0.56973546425495,0.675322141288055,0.55466055818422,0.594741039295185,0.550233966128147,0.554645023616029,0.551122203685287,0.53816374351122,0.555155554979856,0.553314938636094,0.555885365231365,0.56543263448564,0.585417436803015,0.595248558664402,0.655192307188121,0.552918544380136,0.561576254109384,0.556308100880509,0.557765144569066,0.567931311202758,0.566055570935866,0.564113181858158,0.572694309330005,0.556612865914622,0.566041147693014,0.553746932104736,0.56196247324385,0.561095729703114,0.563448531874884,0.563389032975365,0.564864138291039,0.550090629748501,0.554188665550168,0.545142824982313,0.546591662371423,0.552548875382725
0.606846972348985,0.54689619248644,0.555472197490233,0.553762005622327,0.564167860928694,0.676198272667825,0.547505922327715,0.585915771445669,0.5441453119831,0.549247129759878,0.542537821013364,0.529458358085847,0.547937667694112,0.545470264518419,0.553577028184101,0.558387809439632,0.582337286496343,0.590612717090828,0.654070877756772,0.546743089886075,0.556849946644578,0.549106692800001,0.548260782382463,0.565647935161328,0.566607388007271,0.559994712804599,0.568560975191319,0.547327160445489,0.562217965727223,0.551237080477639,0.563453159354597,0.557754062790536,0.565214234890834,0.563730991149948,0.559808110189609,0.547784586440663,0.551193891182049,0.542684454867319,0.546862125579522,0.551529315336431
0.603167867286367,0.547873921958162,0.551004498522569,0.546025172796126,0.557272213961034,0.677091566063522,0.540590075515805,0.578485241267068,0.537175450268901,0.543020461065871,0.53057961455341,0.521966323483718,0.540359803035041,0.536252436682516,0.548201331004138,0.547256471126277,0.57915839914204,0.586744863876988,0.652669905307816,0.542636679849953,0.548398340065519,0.539589725945987,0.536302240130635,0.559889385925269,0.567038482108341,0.556334579414618,0.564353672669095,0.537646216538832,0.555233091829348,0.54958014500527,0.563343082405487,0.553330111965953,0.566708327325961,0.563220689756016,0.555230836606348,0.546795002499639,0.548944281750628,0.542620280290608,0.546544871980718,0.550101069896531
0.601070938791884,0.548128492346633,0.545782320080013,0.538685375503518,0.552191039946271,0.677870133622119,0.532752821376042,0.572130999200293,0.531264080409432,0.535873244065072,0.518822793723199,0.521400071716716,0.532955656098878,0.527361147345985,0.539749169533053,0.53368033078072,0.574477663067921,0.58367027234013,0.650924969655191,0.540206664471492,0.53917662355032,0.528260153065267,0.522914037176486,0.551487335667511,0.566010992736269,0.553576644018436,0.560641201883202,0.529335000841806,0.547642426973269,0.54788607425388,0.56070214547523,0.547460949419048,0.565860907379477,0.561843427218629,0.551512176833784,0.546114038561774,0.547492673341418,0.543490448313716,0.543990001833352,0.548345869729571
0.601349350968871,0.546429299714442,0.53933302503802,0.533281694079694,0.549236528460172,0.678243036264011,0.525606213325464,0.567186341534794,0.523130068291793,0.528638575134728,0.507779983879896,0.518258350815463,0.525552112626789,0.519089867409056,0.530202417947837,0.520509729316828,0.569527132612074,0.580330879485403,0.648873392780831,0.53869893524604,0.531231775790603,0.515362224167075,0.50973849912521,0.541833616425178,0.56142107566059,0.551715597492587,0.557808514154689,0.522724748332019,0.541108137029838,0.546610022461666,0.555927934395124,0.54135697396393,0.563230010065517,0.558203865501993,0.548765873216982,0.545008728766825,0.545893696467944,0.542871093939823,0.536796693907977,0.54547864121834
0.602646131751356,0.541992488796064,0.532936015483042,0.530978487043309,0.547740368443394,0.67827344279048,0.518501396820668,0.563617729662878,0.515011992751125,0.521394005718962,0.499347187326912,0.51642260217567,0.518536357144353,0.512264014565717,0.518507630150693,0.50868116855518,0.565338777172589,0.575356949215019,0.646424259904827,0.537239913019789,0.523711868879878,0.503811718602214,0.499194366628574,0.531179769074398,0.554899722534129,0.550686112486962,0.554881092734116,0.515466516922932,0.534499287968889,0.544493690630651,0.549737941724762,0.535338356406063,0.559723712792309,0.55368535503091,0.546883734549418,0.542678413517198,0.543335427474871,0.540866464900679,0.525693237341528,0.540628736553294
0.601486806514945,0.534410923722977,0.525554239024296,0.531340359623529,0.546782739709309,0.677803604955991,0.512607723648836,0.562111827837248,0.506149155939638,0.513937436549692,0.493264007548439,0.51471683097895,0.513444984643326,0.506457924623263,0.506953107381479,0.499828502938413,0.561301646900975,0.569434605489852,0.644037034653557,0.535152468386245,0.515816062603431,0.493807726726357,0.490945690128494,0.521242936985469,0.54769380397278,0.549698656858013,0.550019932135528,0.507542027590587,0.526832123352723,0.54163653454186,0.542488677078262,0.527907552383119,0.555056229713438,0.548955259782836,0.54518020901982,0.537231596016522,0.539115504652987,0.53642757997212,0.511714442669717,0.53340192605716
0.599637808470459,0.523908385902083,0.515805684030334,0.533142050386581,0.547366418327949,0.67691223341268,0.508951519792118,0.562155223968019,0.494664001022116,0.505653029412111,0.487356956544044,0.517455929450078,0.510511447797345,0.501109661630464,0.497573024150898,0.496366608951711,0.557546905502633,0.564251664424206,0.641661023584694,0.531610333491797,0.50684399128583,0.484774127709149,0.482734780525003,0.512965481946014,0.540254755114371,0.548877486801545,0.543732491500198,0.495512772988183,0.516889391609521,0.537378847525396,0.535676543094566,0.521134505705796,0.54995585801825,0.543332297233086,0.542916731519132,0.528867303093493,0.532741812439826,0.529481627166537,0.494611441184385,0.523819648637317
0.596545350077597,0.510477930868312,0.502209958902566,0.53515971407071,0.548232157886446,0.675526863453494,0.503479752115842,0.563769217788389,0.481414859228169,0.495709756486164,0.479085882422552,0.520464478005074,0.508215607037111,0.494898082385786,0.490515555698059,0.495397567025444,0.553680814817007,0.560984366459965,0.63898369690063,0.526581940278694,0.497249375115497,0.476200491646907,0.474400429906712,0.50666296984121,0.533862816893601,0.547962139369612,0.536617956065881,0.479704768700038,0.504162357772733,0.53022077780551,0.529606546572045,0.51374106894809,0.543614132776434,0.536268189820294,0.539261789361834,0.517959985824852,0.524090172145046,0.519409074796394,0.474001585886965,0.511454570392355
0.595167306827143,0.4937659135132,0.484498741233728,0.538341730558495,0.550435637090212,0.673720505242479,0.496528050370325,0.567896114579891,0.464159833179417,0.483191198552183,0.468414660800218,0.523260760814213,0.505710379933347,0.488324276758092,0.484718559522646,0.493148813933717,0.550176395172575,0.558942436443652,0.636422960715732,0.519160940788582,0.487586703178796,0.468158674053124,0.462982990591819,0.500610293885429,0.5278364089393,0.546186070830335,0.529226568050002,0.460514591187677,0.487931483511064,0.520768917181248,0.522383943849409,0.503411285169703,0.535955503130898,0.52779137620329,0.534510494470213,0.504317670660911,0.513357348281964,0.507071490647378,0.450738308603448,0.495251201238977
0.596283530922034,0.474386645297163,0.464215887804426,0.541444204688456,0.554608270026778,0.671479855780504,0.488194143326597,0.573226799124459,0.4462598728142,0.469272198930235,0.454067557803103,0.520325162028998,0.502951493504156,0.479217538774545,0.480319873628253,0.489373341265123,0.54897943803236,0.558426912346202,0.634153182146991,0.509946458984304,0.476774479405059,0.458962108603172,0.446887160511115,0.493869167059778,0.52213594671024,0.544027713505218,0.519941960132033,0.436838073023896,0.466126734635518,0.509792874248435,0.512781522737647,0.492584315130768,0.52704563803902,0.517734137872805,0.528146246960992,0.488093337940169,0.500757278061631,0.491523209524566,0.425349513518948,0.47579519656297
0.594791682726053,0.453077128468723,0.441182672818379,0.544559015924317,0.560292869319201,0.669239159737384,0.480844262983018,0.581291960954494,0.428006170569319,0.451280180317197,0.437020351409456,0.519312825520321,0.50109777503084,0.467567303223216,0.477154605999223,0.484126303505047,0.550286121069786,0.559321720588115,0.632177968960511,0.498819288723771,0.461697435499526,0.44924526356823,0.427478676509212,0.485252411035819,0.51556567131181,0.541734015865281,0.509021359415102,0.411147396255021,0.439292262042829,0.497993826420141,0.499978954231786,0.479425324638079,0.515024190332907,0.504228080254341,0.520123706090159,0.469917215454237,0.48641551917572,0.473294270730927,0.399602913610651,0.453915448594569
0.592202811686365,0.43033434253686,0.414867879133089,0.547757088608547,0.566435729649957,0.666699597898987,0.473697119733023,0.591924048709564,0.410175118316272,0.431508771542077,0.419512256226248,0.522885156797924,0.498040106859098,0.454091865776072,0.472969384968991,0.474760034894524,0.551965685331652,0.562030743433961,0.630455758415996,0.486217350305928,0.442337269074721,0.436157506617232,0.406253629061621,0.473778659166435,0.506757697975421,0.53894899216156,0.497764893258418,0.386028152067545,0.411427387273121,0.484706036351367,0.483629623004478,0.461926058813645,0.499899737290324,0.487463212882429,0.510574917860679,0.449822456998429,0.470399327534912,0.453416062154625,0.374424462284984,0.431901770484381
0.589879036540035,0.407737843532274,0.388821613780518,0.551676459618891,0.573405924633013,0.664093758721702,0.464931674935353,0.60355182883195,0.393220558821098,0.410864735553334,0.40193006476689,0.522056915497466,0.495935655201048,0.439716541270349,0.46791718360727,0.464621059211061,0.553432912811063,0.56610836847172,0.628908530249991,0.472272518980139,0.42074135507893,0.421161412442911,0.384340562901016,0.457541342144876,0.494525151266752,0.534261894495337,0.486352764382237,0.363861753799445,0.385143000174597,0.469160320296712,0.463965438383212,0.441755880461081,0.482591244599515,0.468332703979681,0.499610855989516,0.428527968512587,0.452642021048002,0.432623782741886,0.350692718517535,0.411508258370461
0.588111617746562,0.386304690461443,0.366478079543786,0.555351435075967,0.580444298087797,0.661684866644425,0.454289659468575,0.616389546512528,0.377792484060069,0.391649080728128,0.390366776164764,0.517275258667258,0.494876361348041,0.424919373008336,0.461420156239132,0.456081755576968,0.555184316942879,0.570896125922684,0.628115338437977,0.456763978480442,0.399172098613991,0.405492040195278,0.36441968869148,0.437790273304508,0.478512427167158,0.52830340199606,0.474133741419442,0.34716870581311,0.361835759827011,0.451758382083683,0.441868793185003,0.419873755441848,0.463754418561026,0.44774758283372,0.487084342832067,0.407174747819698,0.433664535073673,0.410344340308128,0.329086238043527,0.393228266121092
0.584755522760031,0.367164529564812,0.349541582467549,0.557687361275726,0.587888997010465,0.659517566069168,0.442047655492452,0.628811572268982,0.366240303853449,0.374897186663292,0.381706680257342,0.506890258705639,0.494586312478149,0.410557938228041,0.452547302402557,0.447371730325996,0.556348206349365,0.575150853090691,0.627647002470288,0.439607807126176,0.378263151011106,0.389746469722081,0.349328479293428,0.413619526412468,0.459191176305104,0.520593002283673,0.461120375332202,0.336861825274819,0.344158435999892,0.433806722444507,0.418325596859766,0.397389576088626,0.443387471061992,0.427472580012155,0.473139588934506,0.385844049406406,0.413742436915638,0.387074098331211,0.310714372055914,0.378212889374887
0.581653152933642,0.35031796682415,0.339157926580031,0.557933847068364,0.596758920609633,0.65741082943759,0.430068976570105,0.640332350292774,0.36089552065649,0.361891852616966,0.377003499451635,0.499268113929934,0.493883620450682,0.398384506847192,0.443417003938076,0.438680759438856,0.558117241976109,0.579585657870607,0.627426142305195,0.421144691564236,0.360004477198827,0.37582988559033,0.3401483985444,0.387718590165561,0.437409658186054,0.511374542083662,0.447324779700815,0.333165376535176,0.332863309179166,0.416086374692899,0.395300033606721,0.375881036705169,0.422622311034041,0.408585739751101,0.457867346576345,0.364905619478222,0.393178086905976,0.364011973006782,0.296720902678431,0.366103257842575
0.579710495036371,0.335874760010496,0.335795297571711,0.556701903568066,0.604641960999507,0.655541728298413,0.419425117611307,0.650734517697155,0.36227441052065,0.35360561830278,0.376790180675403,0.495944055727532,0.491737665137063,0.388988005400403,0.434859696570373,0.428101424810505,0.560318881352848,0.585089866504893,0.627218963489151,0.401815397992149,0.344565124962006,0.364513541661056,0.336815395077906,0.362796299933082,0.414296481171729,0.500687633326533,0.433040338942025,0.334927360284301,0.328833047995842,0.399283509955985,0.375017259664532,0.358559073516631,0.403572725381212,0.391139875394653,0.441565721182125,0.345145873861499,0.372783117409184,0.342553139844282,0.287972430644863,0.356187727483015
0.577203040572727,0.323215310660681,0.337135407110574,0.554529956035002,0.61047484920493,0.653953237703451,0.411992932660772,0.65807668616721,0.368360377119928,0.350587992931207,0.379317344842706,0.491953959630853,0.490293178895744,0.384201121915351,0.427696455642539,0.414814260084625,0.56271096544647,0.591894052273079,0.627119706271874,0.382156978588674,0.333681726625665,0.356457737415164,0.338973785502165,0.34152061873117,0.392003254307125,0.489014616631371,0.419624578337841,0.341463525661417,0.329687813283504,0.384059705359751,0.358939530034758,0.345089705683316,0.386500114986937,0.375957735932849,0.424681944163794,0.327646110171917,0.352743895475717,0.323566343234454,0.284618364439982,0.34863540817157
0.569426110678274,0.313288385692051,0.342542755001042,0.551715945363069,0.613547974943118,0.652606782881662,0.408419762751953,0.663219978904112,0.377322106495908,0.352579973939226,0.384560685189172,0.489809535657008,0.489493045721921,0.382854334583333,0.423911311114719,0.402843840770952,0.565859467247885,0.598568275778123,0.627681448749652,0.362983050504731,0.328867546523439,0.354028861376116,0.344811524609049,0.326539256985049,0.371419957492254,0.4761461659708,0.407393134759376,0.351242838721141,0.334692886437227,0.371062076759123,0.347857883403713,0.33560709703814,0.372082007520135,0.363853322724095,0.407886823239742,0.312752602764403,0.334139426450082,0.307080518496782,0.287654251491873,0.343546313084689
0.55777708347467,0.307366070919274,0.351143975267146,0.548888545048029,0.613930655123354,0.651422024091966,0.407335485895204,0.665507087077782,0.387692681511958,0.359214825317315,0.390698137295981,0.487100912589604,0.488611300580645,0.383957712877692,0.424205292935069,0.395720120022963,0.568896438722396,0.604700013795952,0.628997427250383,0.344974065530449,0.328618025588826,0.355880015080227,0.352865358231991,0.317815320798185,0.354359872015612,0.46270557886013,0.396405278682208,0.361243836451309,0.342204255600251,0.360871388616362,0.340832958049049,0.332617409901776,0.360583237037971,0.355088249584237,0.391287686303218,0.300810902007425,0.317718143180758,0.293296719958326,0.296476582219405,0.34128303807817
0.547068932823232,0.306757458644067,0.360968033403907,0.545475810198201,0.610399599867212,0.65079899587516,0.410734740230056,0.664888231112286,0.397598781471759,0.367879942249139,0.396931717533162,0.484944215922597,0.487791423875765,0.386162753142359,0.426895291478587,0.390994094518769,0.571648467482541,0.610646257716065,0.63092398606517,0.328443869721569,0.331431036193477,0.360343741964796,0.361558759891544,0.315069466902776,0.341216491662878,0.448269181965094,0.386719030771623,0.370910560319731,0.351309618768549,0.352252686434718,0.337372846214599,0.334740191459903,0.352376326081185,0.349879952025007,0.375228217452171,0.291774474790095,0.303758654268892,0.282175880117575,0.309706410724882,0.342688260366892
0.540508488997842,0.311845575539177,0.37210240366131,0.541525768815271,0.603609627773903,0.650933128294695,0.417200350955085,0.663013612888287,0.4067250385574,0.376352515057321,0.403184485982217,0.484417051053319,0.486442561004221,0.389576290525517,0.428642286805162,0.387561858059859,0.57429298007678,0.616371973177305,0.633103817672744,0.313103668176822,0.337530589441533,0.365674403588685,0.369764278243261,0.317943076030043,0.332446497263563,0.433139917884507,0.378457391603421,0.381038769042537,0.359763314762214,0.34447830513008,0.337634700018994,0.34008918745108,0.347274422567138,0.346772967226414,0.360530552065165,0.286441994191614,0.292741723444932,0.275251073812828,0.325697250968096,0.348581986016625
0.53535914452807,0.322235819886927,0.383122972752266,0.536849171508417,0.596440400353238,0.651786921746611,0.422775018053357,0.660137957923584,0.416462096319761,0.38522272515426,0.408878928190365,0.485064188548778,0.484737096483995,0.394206172515258,0.430801111003489,0.387482188877922,0.576464260960388,0.622417280127429,0.63527677854089,0.299737056174283,0.345197278306219,0.372253939651351,0.377155536919912,0.325364719967849,0.32771849991939,0.418321633661615,0.371060124054984,0.391763381640911,0.367890708956538,0.337970568753699,0.340280216160527,0.347427036510101,0.345274731354556,0.345222200447476,0.346950082083466,0.284111397263206,0.285354751822055,0.273436341918468,0.342961590766557,0.357733371512153
0.528989763195638,0.335147912938188,0.393476103862033,0.532877773478038,0.589843998383927,0.653078886744012,0.427904775074456,0.656538207246789,0.427657689002352,0.394214532697288,0.414799047592167,0.488806544246951,0.482827937470498,0.399497442541487,0.433420305763039,0.388650681890853,0.577425652933608,0.628128930378226,0.637777175725684,0.28846167135072,0.35277158314218,0.378877831795703,0.383881221670823,0.334925862271136,0.326350884135283,0.404060334760391,0.364898334802195,0.405139161229861,0.376577564446103,0.333367722745871,0.344729973624421,0.357176755943036,0.345995072595124,0.345516679425906,0.334640569946741,0.28618231480726,0.28089367448207,0.276361086847622,0.359421192584778,0.368897977496471
0.522807730197694,0.348867329645462,0.405386747303936,0.530130255158308,0.582560839818793,0.654999354429392,0.431942324677997,0.649870639962135,0.440532527986023,0.403772642491619,0.42246749929894,0.496075846409837,0.480475788096459,0.404303879163793,0.437017524049342,0.390515767447015,0.576487964249609,0.632731807932293,0.640211988822782,0.279214439773477,0.360099524189676,0.383726964855999,0.390476377235948,0.343971441220535,0.326684296213147,0.390805507835104,0.359745062980257,0.421362163602848,0.386467169508566,0.33203366299827,0.34997284127518,0.366951848605615,0.348230272086276,0.347849393834494,0.324273485681638,0.291896419711235,0.279651322020505,0.283319781933003,0.373938678891804,0.37986758956182
0.52151298147767,0.361425176041207,0.417581770094119,0.52902357881797,0.577637476765253,0.657217294173686,0.436226005069729,0.641744615087549,0.453795465579146,0.41496498663141,0.432614008112367,0.504298191546475,0.478599845487592,0.409776242886096,0.439740373191089,0.393873601785491,0.573965614368165,0.635761499314827,0.642534511392449,0.272204136448813,0.367710453953031,0.388219838476872,0.398788747932993,0.35224775537306,0.328948920555842,0.378578370913138,0.355513076118911,0.438325128175562,0.398513295695213,0.333958631430196,0.356147156565071,0.375516044076286,0.351690404349274,0.352280755614097,0.316580382106156,0.299577115324595,0.281472861286215,0.293800929790712,0.386074746262726,0.389410801478331
0.520459674887854,0.371765674977698,0.429721238475017,0.529514379606466,0.573918978423593,0.65999527225815,0.441594157262206,0.633694353551308,0.465229490598452,0.426664196782475,0.444522444145589,0.512055361019467,0.477076588858127,0.416666179125318,0.441623670444476,0.398764860202896,0.569497560804628,0.637374697956348,0.644955547916552,0.268400311511068,0.375853306791809,0.394182403663172,0.409770837994886,0.359770771072179,0.332288911044349,0.367468653121739,0.352276035821951,0.454154710446729,0.413984934731071,0.339470947686692,0.363659406661664,0.384309027564217,0.356373022104193,0.358323437437831,0.311735744289178,0.309901218954267,0.28586996661101,0.306988610385243,0.396507063937966,0.397256570125772
0.519199610356905,0.37953611495542,0.440220549909251,0.532489046280948,0.570736468034469,0.663152660859197,0.448341359923194,0.626473565364406,0.474611819849262,0.438300577100732,0.456317638088563,0.52093146577857,0.476016738667181,0.425576954311314,0.443389290400883,0.404408478567485,0.563166417066879,0.637536221780634,0.647681373733208,0.268329323869966,0.38518578847787,0.402899766819317,0.424567231166797,0.365411499107626,0.335205824082774,0.356732481303343,0.349749585326884,0.467544086220638,0.430150055447615,0.34809108249085,0.371773392688631,0.394201702034385,0.362030997550946,0.364995776811288,0.309974206852523,0.323295166180861,0.294333270080784,0.321527503858569,0.406063932959755,0.404882973197791
0.516166319006673,0.385497984544041,0.44935014814818,0.538292828284685,0.570554181050809,0.666675953184894,0.456187854253777,0.621810320788059,0.479881346259973,0.450415985275258,0.467162766697356,0.530825655631749,0.476070604731392,0.43590923157621,0.444995241363299,0.410661684088207,0.555848327277152,0.636362569808817,0.650758099527687,0.271780785614779,0.396047927540104,0.414709396670705,0.441811359072104,0.370809149322888,0.337848816891629,0.347092379824425,0.349195534116403,0.475887139704313,0.444211206478658,0.358831696750119,0.380052907204144,0.405012823231037,0.368902837405229,0.372078378657839,0.310877924229007,0.338815226308557,0.306332417224927,0.336479757332692,0.417381764792098,0.411317840407831
0.512247419037623,0.389480230993465,0.456291767112548,0.545777654830927,0.573159158852268,0.670370677911525,0.465638887527796,0.618793912271694,0.483645755931815,0.461556157666961,0.475146824164199,0.542881935852647,0.477862127269508,0.447432667707037,0.446893304707258,0.417992518894871,0.547667385333099,0.633384966437401,0.653941720699619,0.279580749667316,0.409646432624624,0.428397777319951,0.458115535034688,0.378366251957286,0.340760322586076,0.338703505879616,0.350360157821339,0.478816093503337,0.455766234770895,0.369972380573123,0.38877252962618,0.417432564967387,0.376810034168192,0.379251401011656,0.314644276987194,0.354797211102051,0.320969146858998,0.351339898134618,0.431964904594126,0.416216395696231
0.507111070006235,0.392666041289712,0.459986763854042,0.554447972066501,0.576160707457558,0.674037542873532,0.475220458000547,0.616567454250809,0.486450893168569,0.46977560752678,0.479260666798781,0.555348501946753,0.480605867603128,0.4588847111375,0.449323947515932,0.426619278259434,0.539386111223632,0.629984441690267,0.657283093096372,0.290649787410886,0.424733797437757,0.441916607485986,0.471183368940499,0.387531931635144,0.344880549368559,0.331134594899137,0.353712585009014,0.477508065888921,0.461485369471117,0.380185757491407,0.397499843419294,0.431226880516033,0.384763116758373,0.386856257794757,0.320520986992594,0.370922633809449,0.337841395618108,0.365719948354197,0.449970162710764,0.418562468064705
0.499439411075544,0.397065425000263,0.461640631633176,0.563773398802461,0.579533948265126,0.677666965692719,0.483781581170086,0.61528116827499,0.492056037607252,0.474550684873761,0.482102569527321,0.567288585184182,0.484085603704882,0.468031309089556,0.45249308435769,0.435701762762277,0.53166199848926,0.625582248763195,0.660463543573641,0.3055113333781,0.439587968811043,0.455026526653708,0.47957038688364,0.398337229346435,0.349953943825125,0.325390262162002,0.357141226125378,0.475173363289693,0.462415144742507,0.388704760344061,0.406609685111742,0.444744097868774,0.393269952058381,0.394996130202478,0.328457218722262,0.38719989415704,0.356252773896677,0.378909853444526,0.469357287840169,0.41869533935829
0.489944773278907,0.403595132812177,0.462665814904237,0.57308591663223,0.585319691092777,0.681194663643678,0.490918281573672,0.612996726959907,0.500575251376936,0.477406631585698,0.486606571185402,0.582744116929115,0.489402792856757,0.474014597837377,0.457578586693423,0.444794164251239,0.524022897547202,0.619655898162704,0.662983898346269,0.323177581032132,0.452674495152757,0.465523283989723,0.484456473446062,0.411198650708452,0.356669812545827,0.322260607437606,0.361003254279228,0.473058751158343,0.459841561302608,0.395531112733632,0.416511028314109,0.457736481837264,0.401674064298148,0.403698655484918,0.337511359123105,0.403023097086527,0.375450442581733,0.390874600418175,0.48832870336124,0.41854820988759
0.479156722774505,0.413289552090952,0.462686816558366,0.582119063529227,0.591803323553532,0.684764227258388,0.499503852623674,0.610167745021353,0.510403089555527,0.480076126648119,0.493124837795591,0.600273282622512,0.495609228405992,0.47753553341245,0.465220868267264,0.454099999075219,0.517938973176089,0.612870564398744,0.664693009261576,0.343107523794093,0.463165031227445,0.472328647046974,0.485933035000512,0.426508932424523,0.364758576668629,0.321571558901387,0.365878699435423,0.471919795756742,0.455210043439483,0.400855214729462,0.427598861242178,0.46794375493409,0.409810530983618,0.412125517290493,0.3471861854199,0.418560672342105,0.394295164250396,0.401809789377024,0.505597159968959,0.420670775782955
0.468688990747243,0.426585034182487,0.462448344344495,0.590690909691277,0.598149713002616,0.688302109622798,0.508771760982414,0.607909739240965,0.520978844292959,0.483111429742937,0.502585186021959,0.61411992534576,0.50272326196131,0.479673872345025,0.474080897217916,0.46290558116927,0.513743558717868,0.606007034488495,0.665763673291252,0.364392044722827,0.471199247375228,0.47632940466799,0.486429844946755,0.442824310392401,0.374015558348153,0.323602887963786,0.371091342193209,0.472390816617733,0.450277653825844,0.405273523838204,0.438684649186279,0.474037972104844,0.417392074254071,0.419255351227663,0.357221132275987,0.434581761922872,0.411592354737289,0.414098660699705,0.51991051716739,0.42501235604202
0.459518964334721,0.442919329288379,0.464643656360384,0.598702066251969,0.604806421553689,0.691633571144014,0.518165866189178,0.607301333090513,0.531101542850321,0.487952093218245,0.514888163291973,0.626462317523703,0.511019283364351,0.482530093967892,0.482274591572174,0.47023461431093,0.51019447472226,0.599949721529161,0.666509001749897,0.385916616209979,0.476237311105606,0.478775562782422,0.487517976283652,0.458156795196667,0.383855087254611,0.328800761438752,0.377074085586104,0.474834209214831,0.446431141808775,0.4094219001389,0.447903401470716,0.476173847367232,0.424510062388774,0.424703978552453,0.367102747281613,0.451163030581995,0.427000295563485,0.428811556006115,0.530266085806131,0.432292524730432
0.45774857777487,0.461396642295196,0.468768189358902,0.607087261148528,0.612411584411651,0.694551071989678,0.527280401630324,0.608873932029233,0.540230975127057,0.494808934750999,0.52691678668024,0.637059294056739,0.519074281941516,0.486525323867564,0.488744923230123,0.475018626310849,0.507634905885069,0.595175195079743,0.666542682196238,0.406733118516944,0.479299347457905,0.482519437626349,0.491498348143268,0.471105018425041,0.394156896277938,0.336714740453673,0.383537089525296,0.478237368773215,0.44450645865241,0.413339086042447,0.454445498115338,0.475554009721162,0.430804033404556,0.429246646278337,0.377101674926517,0.468281230616911,0.440574100914454,0.44636405004892,0.536424271007503,0.442474985146418
0.465165692448211,0.48070298782219,0.475252811206807,0.616466165996906,0.621329748594679,0.697401670983445,0.536514937196505,0.611262573226823,0.549553835817993,0.503095719654706,0.539340541086173,0.649841022613202,0.527081451809598,0.491566073294685,0.493849959953389,0.477477193519756,0.507176146900293,0.591594610312771,0.665952735882718,0.425910508773206,0.480521734006386,0.488437520727432,0.498241792174034,0.48024924680347,0.404698762822165,0.346638442845138,0.39012867088654,0.483831928744546,0.444032735780312,0.417093180051727,0.45788418609099,0.473657389015958,0.435678440356162,0.432537996750917,0.386871417939747,0.484602360434186,0.452806078767659,0.466038662806321,0.538436268212204,0.455333031805699
0.480319853269027,0.499267639632338,0.48359000348667,0.62749633079085,0.63179012486224,0.699885990196186,0.54625951187649,0.615222183469851,0.560915409520681,0.510560630589126,0.549751193563495,0.667964764852362,0.535977724212398,0.500354797687827,0.498870343247197,0.481583727499636,0.509053462492497,0.588761279625823,0.665093881168493,0.443750528232018,0.480437795842093,0.498325512439271,0.506506258894672,0.485382781828425,0.41569633005707,0.357515391485293,0.396954984078726,0.490544439907709,0.445742309982599,0.420739318142531,0.459077612422873,0.471902462563631,0.43935843734906,0.434998478126758,0.396318933349563,0.499204920420346,0.464740111427105,0.486196212465398,0.536585115232779,0.470186775706869
0.501685324541399,0.515763962572444,0.492189984662478,0.640711068843334,0.646199515769859,0.701999668164671,0.556036483555905,0.621288357310367,0.578182479848264,0.518356158911441,0.559135328527794,0.687548661848629,0.545607698409128,0.511117435834569,0.504356970213492,0.488382241922522,0.512996259882035,0.586755831870141,0.663910926684084,0.461319908657703,0.480877190436626,0.511172119722652,0.514450863564448,0.486988821833845,0.425918952168884,0.368148160078439,0.40422510633154,0.499208322608545,0.449793770119031,0.424730796900259,0.45868172855273,0.470648827174477,0.441373694764209,0.436791510635089,0.405720906363631,0.511165495733752,0.476786157452257,0.505110498754766,0.53224312735812,0.486397662163807
0.527319665288706,0.529229000625022,0.502531693354033,0.656574249546422,0.663838726631965,0.703867531102319,0.566158335183718,0.629668847137379,0.602009176558198,0.526778638153357,0.568705700387416,0.70692283759414,0.556250804105223,0.523285534842088,0.511064160408252,0.496559539285939,0.518389768753017,0.585023398907529,0.662735931523754,0.479812926227976,0.482942125249138,0.525151565920956,0.520993860521798,0.485949917583564,0.434280399993712,0.377004986237008,0.411690781937785,0.509493210402548,0.456077757701191,0.429451163691891,0.457248459583193,0.471515212269711,0.441950006412965,0.437826583906077,0.415560988956829,0.520176131142636,0.489190661255475,0.520510803941985,0.527677307850642,0.504023841476323
0.555408741666382,0.53865501232487,0.515416235533736,0.675713827312981,0.683187552160658,0.705065975296751,0.57737933393173,0.640404967686278,0.628929375639572,0.536480851584449,0.579388747240891,0.721205570200193,0.56731863975418,0.535787325099237,0.519650031457596,0.504967708621507,0.525081796757206,0.583862311385805,0.661916343359731,0.499146771190481,0.485913621004884,0.53604431800688,0.525164669660137,0.483454489167883,0.439647423494113,0.383438691912683,0.42003081313783,0.523701012693963,0.465156276441448,0.434769183179724,0.455646333483618,0.475427089590658,0.441452850977533,0.438354543073469,0.425717940931541,0.525474699959165,0.501468564957011,0.531361232575884,0.525279101908111,0.520804058635578
0.581188097572988,0.544143993864832,0.529804344614659,0.697681971097102,0.701466780206171,0.705663245302022,0.591199336958423,0.653757517379641,0.657950305668194,0.548209439997192,0.591279423056311,0.722864801690717,0.577587159804316,0.545645680646151,0.529840230838818,0.514776638775656,0.533360001120064,0.584148746427556,0.661121499095118,0.518339946027883,0.488826548919326,0.541329919134203,0.526982595953611,0.480661804011112,0.441985433566435,0.3876980524028,0.428715890495988,0.541408986008441,0.477270710113626,0.441330606314829,0.454861542698517,0.481077214510372,0.441063702048788,0.439140384869183,0.436370380539417,0.527090493993904,0.512342312193146,0.536770455429736,0.526829742653047,0.535414992414134
0.604574636319251,0.545923940012003,0.545084390603419,0.719982139124044,0.715446057891892,0.705842780589366,0.608057840691062,0.667578804459244,0.682832791849286,0.562040796654499,0.606003742608914,0.709266904528236,0.586817726983835,0.553374196132775,0.542421310293602,0.524281002438867,0.543004620292756,0.585764956741292,0.660245162463713,0.535663257809436,0.49084352214099,0.541098202373937,0.528433144874708,0.479281375054306,0.44104465746923,0.390306982764839,0.438347434960116,0.562835241474823,0.491587267096471,0.449328294625184,0.455132385704251,0.487778647318293,0.440785916181447,0.441165500677613,0.447667319717656,0.526067908657876,0.521117017615872,0.536793566163021,0.532568486961077,0.546957973406783
0.626619609095063,0.545123715260813,0.56174611867223,0.741102775782377,0.723537437333329,0.705824295322045,0.626718633023494,0.681197818971791,0.698855489314569,0.578182810732662,0.624078092863011,0.683185176713292,0.594564174369245,0.560639689766502,0.55645348963291,0.53276088639155,0.553527460142418,0.588003207136689,0.659187506769292,0.549703821086292,0.492077520445425,0.536644853659928,0.532735173722567,0.478451794464451,0.43720274691164,0.390910612288269,0.448392284057736,0.585649799340014,0.506438703494345,0.459325144774432,0.456377807298711,0.494764703811504,0.441358567485346,0.44443689964686,0.459515336441753,0.523105773803309,0.527050130190459,0.532527121483563,0.542053331428056,0.555601100148024
0.64238328748361,0.542840192364137,0.580116060888121,0.759572899460556,0.72580693581855,0.705593251101586,0.644747825483983,0.693036850866714,0.704357233589053,0.595422196400913,0.643891173514718,0.65083285994085,0.599976574637174,0.567669539620811,0.569190985116405,0.540448987327536,0.56430498021807,0.590437442461548,0.657934146303713,0.560326156386429,0.493337465385612,0.531618558797854,0.541161224780483,0.478594600992991,0.431627923968252,0.390331381940926,0.458132291365733,0.60746542241749,0.52198430040789,0.470929114538064,0.45868339822486,0.501561431591325,0.443557740539576,0.449423783051087,0.471361147925982,0.519290921504099,0.529452875070359,0.525357638524938,0.553817576619524,0.562583281546095
0.651307153658388,0.540434701534934,0.5972956627172,0.772049496822752,0.72139888252916,0.705274537118588,0.660724904306084,0.703679785707282,0.698926708461264,0.613436877967329,0.662854879860522,0.614478479799598,0.603529927047611,0.575186981992686,0.578939114206041,0.546845353266679,0.574744305920384,0.593270023947313,0.65646958420815,0.567727329769255,0.494999515504681,0.528654669589057,0.554277300055986,0.478939898924056,0.425593000274917,0.389764103554668,0.467829369576024,0.626357294097827,0.538896780613138,0.483831623157718,0.462784562082558,0.50767171521678,0.447029398307664,0.456314194087819,0.482943225666724,0.515792027805142,0.528404094053469,0.516698282927758,0.566005041502213,0.569069968840588
0.657105526583652,0.539266188100343,0.612394712664729,0.774735517130246,0.710686667158636,0.704977275349159,0.673741663313507,0.714156353803295,0.684768702145453,0.63068971575221,0.677440370107351,0.580031140811628,0.605942387210931,0.585003163645388,0.584793120949742,0.551359486951615,0.584600148427314,0.596534461831289,0.654990301299266,0.572880009830825,0.497815386953826,0.530002566620526,0.570864717857441,0.47951182067497,0.42021052526874,0.389049735929544,0.477149552147175,0.640019832206544,0.55659194395709,0.49695631421939,0.469274525577218,0.515175739416232,0.451859948903718,0.465083327574292,0.494470761266162,0.513409083764193,0.524930728845302,0.508578288825622,0.576470649979474,0.574834039177476
0.660001721220842,0.541172670248178,0.627000809252063,0.765805250131084,0.692414934453531,0.704518446642749,0.683508847165183,0.723388926333477,0.666456222361525,0.646134731006204,0.686375108332295,0.556302258508197,0.608062155346852,0.596865890529605,0.586701335121758,0.553375079522513,0.593160632373311,0.600151181815373,0.653378809714871,0.576420102441831,0.503042969423848,0.537075813514694,0.588926640853999,0.480435069561404,0.416211192229485,0.389213591593207,0.485878687257056,0.647727535268896,0.57392410486359,0.50962046956093,0.477812627806334,0.524963573566801,0.458340534679566,0.475615658539429,0.505203488047937,0.512599711726303,0.520037644183483,0.502088433182322,0.584384649953707,0.579388997584273
0.660993186785047,0.546564584537193,0.640293460091055,0.745269541552856,0.667329917471785,0.704208065085642,0.68832496507425,0.730039439570915,0.647936010769435,0.659471836838273,0.687930908127748,0.546231083861398,0.611670448691863,0.609768290154754,0.586278558226416,0.555842704226793,0.600012204564111,0.604315374490477,0.651391838085461,0.57892134732021,0.511402558044096,0.549219500831208,0.606203134452256,0.481960515858167,0.413639098979828,0.390563837012099,0.493951109875711,0.650224525543849,0.588774355328884,0.521772682988157,0.487801981100203,0.538423029671505,0.466240371963169,0.487230478931209,0.515868481734468,0.513700251827271,0.514894854084096,0.497799992866793,0.588606020139974,0.582448375249171
0.66237865326778,0.554077164761622,0.650484385589875,0.71499964191415,0.639429641296662,0.703928733810897,0.688921528732827,0.732664062831249,0.632394703970205,0.667794174614707,0.682439456444609,0.544630237826924,0.616417790267055,0.621992251579012,0.58577221167996,0.561824084963755,0.60526072033404,0.60927335663272,0.649171117290602,0.580902644017827,0.5216227582377,0.564039180777963,0.620351567081396,0.484292382589616,0.412814929923922,0.393172687776346,0.50056038251212,0.648201174874552,0.599615802616125,0.532551211364357,0.498715416386163,0.555260278748391,0.476061463817851,0.499477281814595,0.526148854995975,0.516690343620796,0.510156122211448,0.49642782311239,0.589512471989143,0.58370328928325
0.667785769017074,0.563428703664366,0.657539459224785,0.676558556407681,0.612510903834452,0.703582384706514,0.685772522221888,0.730139426638446,0.620833993364945,0.670807126611713,0.672636434956333,0.547622518960125,0.623027578292646,0.63117835503771,0.586716956126779,0.56987007930686,0.609922409406108,0.614726600103536,0.646919634686907,0.582576487849757,0.532584522591765,0.577471979817239,0.629270468535166,0.488043201527414,0.413638207490162,0.397217874120973,0.505865828125479,0.644656777649147,0.60728308887081,0.541186384998506,0.510593523647375,0.574861860664608,0.487299982118951,0.512575996668615,0.535712777839381,0.521180765965477,0.506695916493655,0.498515547877337,0.587161254659839,0.583158471398267
0.671759177854401,0.573161297760177,0.662197754631872,0.635247953441441,0.588459965146169,0.70318602432485,0.679464154831386,0.722276264244048,0.614636343070156,0.669384055717063,0.659706482154152,0.551570739231958,0.631489006542896,0.637838637039888,0.588561696607019,0.577667410386685,0.614032468691819,0.620543057559061,0.644973122928915,0.584086395983332,0.542211953838005,0.587010775454972,0.632423415463526,0.49351663847585,0.416250403168276,0.402885120485847,0.510802505918735,0.642292061669838,0.613100552236681,0.547519387381157,0.523138419929287,0.594732603653831,0.499292717638238,0.526226076327274,0.543781657676328,0.52722273027965,0.504750427463893,0.504986194961381,0.582317330203454,0.58150408544529
0.678153566088304,0.582110158263605,0.664960580383995,0.595934075415165,0.569393433635236,0.702675819868569,0.672212299695555,0.707136323612989,0.611794696524844,0.664737868074013,0.645657944315852,0.552933931916863,0.640212165392717,0.64179665566648,0.592063094954263,0.585943186256121,0.618057024356518,0.627156134846935,0.642920530335691,0.585562874491822,0.549036409522816,0.590737878999397,0.630280324086288,0.499980320803713,0.421036315538255,0.411074816929384,0.514754624105526,0.641394691675929,0.617724040415967,0.551832671965232,0.536527207580727,0.612126415812123,0.51234226996007,0.539477574036121,0.549739513135666,0.534364604250547,0.50490575687366,0.515925292444335,0.575559551109592,0.579750758807653
0.684398083014064,0.589079742516945,0.666134187935969,0.563032787214958,0.55589041912277,0.702198008397142,0.664021324839385,0.686561748811037,0.611328469701254,0.658162013232459,0.632340540698312,0.55291324434013,0.64791960814519,0.642559703367326,0.598543624017431,0.593665307979292,0.622020900579966,0.63492979630913,0.640916669059333,0.586944401418133,0.553531080329039,0.587901857288232,0.623174921160351,0.50688149011314,0.427759428747405,0.421015515269035,0.518070733590597,0.6419061620176,0.622485047749692,0.555055438213363,0.550707458896997,0.624607820714537,0.526077258828785,0.551707547242377,0.553151658788772,0.542394898998143,0.508230848610674,0.530294952477436,0.567755967387037,0.580346340819908
0.688376140306485,0.593689630483902,0.665980538855184,0.540887666685618,0.548207758992178,0.701695634495265,0.656388364133688,0.663530663797752,0.612282725357466,0.650364565845721,0.620007569776535,0.552090620308908,0.651398425326975,0.639785324673747,0.606885964824565,0.600309626303992,0.625380024266514,0.644017115864304,0.63915907693753,0.58739486774786,0.555913840186849,0.579281973442068,0.613855475300589,0.515241724720269,0.43686790879227,0.432483857645451,0.520536743771395,0.643889926547243,0.627445452840822,0.557830547806756,0.565668513288403,0.632563418930497,0.540163568026741,0.562725201016905,0.553793211549249,0.550581881358567,0.514799186519364,0.546986357112695,0.559667869776395,0.582795986239269
0.689155667137129,0.59630862621925,0.664979890197214,0.528750246215007,0.546108071133575,0.701308900959352,0.649008793949489,0.640931142026702,0.61166775033504,0.642023871233987,0.60932268476105,0.549480734314223,0.649592778886084,0.633163161344231,0.616856643867966,0.604078371212156,0.627212924084462,0.65398563696851,0.637651227744221,0.586331652145132,0.555899289691641,0.566667657904962,0.604708071529665,0.524391040859617,0.448196079922031,0.446039806386369,0.52260070792845,0.645767285670951,0.632628985866071,0.560582794367108,0.580926569743748,0.635505625115731,0.554137919186466,0.572154694384802,0.551512111345128,0.557896571999752,0.524516112353222,0.564115180273153,0.550949298187709,0.586011343418681
0.685311946608193,0.597629460378949,0.661932935389701,0.525473024665705,0.547657111823937,0.700764474641346,0.641138507575532,0.61972306858008,0.608501726222504,0.634267354664801,0.601451660498336,0.545324326376426,0.642819504796325,0.624057897911946,0.626178507565498,0.60409289343589,0.62645781546407,0.66406992736615,0.636351541406837,0.582909651465539,0.556430565075367,0.553987019267794,0.596772083321898,0.533468861548171,0.460984159013592,0.461773237634731,0.525749468931059,0.646227203009853,0.63716153404005,0.562933388630256,0.596246125714814,0.634099682399231,0.567557731272312,0.579741580977784,0.547013948676895,0.563876388370878,0.537166588907099,0.579255323400713,0.541047909294268,0.590068475815955
0.679542016755689,0.597697458478755,0.656295147547976,0.528784506305864,0.551319085481061,0.700270283259486,0.632716324075636,0.601680067272265,0.603135418917602,0.627472681181403,0.596963554631753,0.543560265303696,0.631099084956225,0.614700287581147,0.632818533190974,0.601129845448316,0.622578655901644,0.67394276191492,0.635332775041862,0.576432954799276,0.557581201509507,0.544009177963323,0.590683699611536,0.542387969479895,0.474660515718361,0.479511034623124,0.528763846049601,0.644205741622211,0.640246214137464,0.565034411462987,0.610861961617022,0.63021711392884,0.579782165532794,0.585677346073152,0.541278281133328,0.568349479697097,0.551534827594413,0.590841222660641,0.529680975213146,0.593409103498944
0.673659134283489,0.596061049081866,0.648593736951558,0.536055815868947,0.556456652145523,0.699927857463491,0.623047091682726,0.587411008503646,0.595857642744764,0.622097223063144,0.595920550469121,0.545901986056619,0.615520689945485,0.605535525639633,0.635290453687534,0.596564849186877,0.61610691715096,0.683341093184868,0.634634366429615,0.566584856989771,0.559544501149666,0.538411609640475,0.587383739050291,0.551636040822654,0.489011630158883,0.499083087497251,0.532307302800351,0.639141328511946,0.641130418630061,0.566119309153853,0.623682608430523,0.625757923578162,0.589990510074159,0.589990253546473,0.53574415642248,0.571554466017288,0.565888863687014,0.598049563731425,0.51745538449548,0.594478058257696
0.667792013149156,0.592096738732082,0.639067400136583,0.54375773392584,0.562326251148818,0.699772604408513,0.612038561295168,0.57701676003245,0.587345145273269,0.618119465655025,0.595909851730688,0.549854364818266,0.596926981027391,0.596954472943187,0.632470198809496,0.588797220777243,0.60862690956025,0.692683647561359,0.634194756292449,0.553892355602257,0.563065503759606,0.536355525798284,0.587679295288695,0.560912922494155,0.502974713230189,0.519728194037845,0.535455303193432,0.631651685890123,0.639908653435588,0.566398312450064,0.633947131150381,0.622531037290079,0.598021858356748,0.593399282764284,0.530911597548257,0.573081285980868,0.578850761894807,0.600711523114243,0.504703607333965,0.590796482251534
0.662326951475705,0.585307722753544,0.629295224180097,0.549812280849978,0.56870905901855,0.699973396945955,0.601382450103611,0.570641314651142,0.579208220005207,0.615395940914993,0.596125840286699,0.555503809071504,0.57721120809718,0.589591597835405,0.623578599390037,0.578980640548451,0.601674587413696,0.702215838585185,0.63387831295592,0.539309364813496,0.568112927095855,0.538615905035558,0.590998153543045,0.568238732454371,0.51582885345483,0.539559837443379,0.538332341210329,0.621733037970998,0.636989036100553,0.565680704771133,0.64084137799523,0.621384344229043,0.604149649992679,0.596091594750353,0.527528057425542,0.573794157191011,0.589301621765891,0.599267518696756,0.492506762365748,0.582425806284512
0.656886528653719,0.575132236768378,0.619780753838117,0.553542855523813,0.575060784092961,0.700725128589954,0.590861432118304,0.567520986104705,0.574322966452304,0.613119083634875,0.595555588747279,0.563598638532716,0.558620130170751,0.584474773131084,0.610177966899698,0.570083037690073,0.596047459560236,0.711808510761646,0.633674786986346,0.524158009956492,0.573282913937346,0.546486001367211,0.596613681730691,0.573345346234032,0.526973735327374,0.556409841647117,0.541232510280846,0.61063586829135,0.633300967338161,0.563912450207769,0.644247682488926,0.621527452932849,0.608464401451503,0.598320728586415,0.525911847769112,0.574020789491818,0.596047982300507,0.594718247925027,0.481229910941302,0.569912952288581
0.652112868141091,0.56199575352646,0.610776173169132,0.555457971527974,0.581660042698877,0.701837901821691,0.582009674630213,0.567017541051079,0.574066796676769,0.611257464314667,0.593943049336138,0.57342417857926,0.543775775590525,0.582541306733391,0.593762378168146,0.562784265300718,0.592717592948886,0.720711125347997,0.633683431524144,0.508761240185674,0.576884017426207,0.56105266777448,0.603644254786353,0.576269508992124,0.536051969336877,0.569284152751972,0.543806627769432,0.599936623020698,0.629046758329189,0.56193255385591,0.645004868055314,0.622305839302953,0.611418409448951,0.601179322246379,0.526439119034596,0.573895841747058,0.599085385126921,0.587706215136119,0.471556270172965,0.554407250747741
0.647546504071108,0.545724405633336,0.602616361501381,0.555801710282914,0.587608692569665,0.702937024156544,0.575671854049779,0.568232267243056,0.578997645834726,0.609430442203737,0.592052048907746,0.581240892447804,0.534316073546568,0.583220307188447,0.576196873015678,0.555988230677902,0.592032936091504,0.727452271250809,0.634017558456262,0.492828772464361,0.57737268917439,0.581269875198444,0.611584191815388,0.577225171839829,0.54311945780112,0.577115361259824,0.546791797910002,0.591068993368809,0.623770437784843,0.560212948992947,0.644269305233198,0.623831602884877,0.613742194936307,0.605409268338183,0.529688984144008,0.57384975192955,0.598751878230093,0.578844377811113,0.463777173267922,0.537747978661779
0.644452968245239,0.527548580679653,0.595038697246253,0.554528405588126,0.592019390334219,0.703954916289373,0.570999424161318,0.570215981494717,0.588084350157215,0.607622470309911,0.590888099845908,0.586133685932137,0.529072047455024,0.586280009882709,0.559426538555001,0.551776535993549,0.593837194204737,0.730286561471133,0.634724110551671,0.476589855936736,0.574369892035429,0.599313716011558,0.619142169394402,0.577352044302231,0.549247108351372,0.579432139107,0.549165702651423,0.585129064172478,0.618235759940306,0.55952085917545,0.642973548106191,0.625980342825073,0.615593713366894,0.611594993785014,0.536334973442711,0.574264291916388,0.595911623403045,0.569364819076442,0.45774926027551,0.520891129061104
0.64611469863779,0.508526457260939,0.588851425570981,0.552685138463263,0.595174866683591,0.704837319911867,0.568019820252392,0.572653570472099,0.596962261548046,0.605285308756977,0.590688977108444,0.589367835910649,0.526478997697044,0.589518192143765,0.545556998803454,0.550459604317122,0.597305846454546,0.72796424167257,0.635545664362374,0.460689620314957,0.568310260220989,0.606975710283062,0.625008201308373,0.576976422792209,0.555294885833564,0.576102028916789,0.550049369725394,0.58274401125133,0.613719249220291,0.560000571838155,0.642374663450278,0.628859571511183,0.617179919294303,0.61962172415307,0.546070723148034,0.57545842217131,0.591127323591121,0.560983891247789,0.453472430586894,0.504781825670634
0.653086942100338,0.489724734207647,0.583444336712435,0.551125894204113,0.596711953416404,0.70557100648023,0.567009510137269,0.575159237875829,0.603409569201204,0.60291091633582,0.591872633003605,0.590101303331008,0.526032755154362,0.591449678040812,0.537245568281794,0.552474935139292,0.60187478687869,0.720619660982888,0.636476532923222,0.445714683479316,0.55946227741777,0.600852042653108,0.627441343653701,0.57671343093462,0.563017334966939,0.568908995966797,0.549293384001936,0.582601008431451,0.610562463756941,0.561259722198714,0.643091541138276,0.631851557636267,0.617870924044762,0.626702127208277,0.557883602157273,0.577050272899439,0.584905444827606,0.555645098830102,0.451083492247229,0.490667191157467
0.662242493215697,0.472825959343218,0.578428448402374,0.550186587361673,0.596276894786763,0.706143584590724,0.567742086253636,0.577587713615023,0.605919235474594,0.601275166691307,0.59494772138841,0.587581146519185,0.527570817877981,0.59101993709732,0.533879898647435,0.556722882763246,0.60580183854109,0.708122630957237,0.637427678151889,0.432334320882299,0.549874128408775,0.585932880867856,0.626280422954599,0.577558725120527,0.572771553021192,0.559777204155105,0.548252920556309,0.582095443659819,0.608109946772594,0.562799419770824,0.644696931051901,0.634179962512633,0.617180685959643,0.628335740416309,0.569240380406662,0.578709476090104,0.578288855797601,0.554102301028297,0.450225424701099,0.479336931853226
0.671468324419026,0.458106994708544,0.572942556360771,0.550754039314126,0.594459763149345,0.706618484379635,0.569668602911497,0.580407843546874,0.60352787739215,0.600286922172107,0.598708336220381,0.583900787019645,0.53049115553345,0.589446955370546,0.533901358512073,0.560974009405091,0.607319534042859,0.691718896494731,0.638233666822475,0.420705343730795,0.541813698946236,0.572808318414692,0.622586754994414,0.580293964165755,0.583787783376445,0.550462257545298,0.546311758411037,0.578584455520372,0.605085305981681,0.564878916839208,0.646761551394644,0.634083158907707,0.615338784748708,0.621662830317112,0.577639441557167,0.580127154538351,0.571940609721345,0.555226126603231,0.451639861866493,0.471338031266631
0.676571845338232,0.445825605964233,0.566293745790194,0.553174526444455,0.591623866343773,0.706809508408208,0.572510393585684,0.583642199494299,0.598094932421475,0.600126371986612,0.602341282586355,0.582687175962347,0.534490064347979,0.587966138150442,0.535946434518934,0.566296662819712,0.604884637620031,0.672464450998063,0.639235124024422,0.410753485644201,0.536554082524309,0.564805160920258,0.617335493997744,0.584732057886128,0.595647234680881,0.541923296558684,0.543149482896533,0.571083300834079,0.600892667838225,0.567287352973195,0.648512316461612,0.630215628315956,0.613096856882758,0.607549065536751,0.582031808551329,0.581256542982587,0.567387330632306,0.557258999802931,0.454037739539286,0.466511775830838
0.680020225421762,0.435600824517855,0.558876589097876,0.557440228902337,0.586911536898106,0.707222233196522,0.576599135925674,0.587651487997511,0.590497240375281,0.600195030345256,0.606484179260772,0.583036235064489,0.539714160936895,0.586811835558756,0.538674036458323,0.57202767117987,0.597361234507249,0.651980303546277,0.640492182343632,0.402287854713357,0.533194364616881,0.558280696500669,0.610874340990338,0.589900361000923,0.607701533923142,0.534442464315675,0.538911870084299,0.561067033838537,0.595120995935501,0.569739479787167,0.649230604307757,0.623835559925158,0.611116574208233,0.59057124412731,0.582521588410977,0.582078403657573,0.56588054188757,0.558581483056185,0.45727305849451,0.46495981403725
0.678950606277138,0.428422655699761,0.55173762659943,0.562831285311656,0.580766191339185,0.708080033593163,0.580502374787705,0.593311773818846,0.582540834107066,0.599974123901833,0.610204808743483,0.587002021295087,0.54580067934915,0.58648890963454,0.541744424414682,0.575419065005238,0.585404875262093,0.631251161763424,0.641786995876057,0.396487936788951,0.528317817346284,0.546991903590596,0.603103580161261,0.593947633226491,0.619794400954709,0.528321248121252,0.533309452416637,0.551082126277936,0.587591034859415,0.571642451713789,0.64803969751271,0.615707925633958,0.610380533088085,0.574301000787363,0.580727181039916,0.582326458503375,0.566705803412707,0.55796317227518,0.460490929912333,0.466354298431035
0.674431738803406,0.425034867487312,0.545404526720593,0.568281699792088,0.572354235963552,0.709238186460653,0.584966181022991,0.600742486180041,0.576356825301194,0.599512365812531,0.613228673666967,0.593034425878136,0.552736887060003,0.587069594976489,0.545200060132744,0.57664402090771,0.569483585062557,0.611428071003202,0.643147192650089,0.3959401046979,0.519408774182342,0.530664293533336,0.594528951587855,0.596705142928893,0.630403738632695,0.525192538101272,0.526638518506905,0.543645360999602,0.578201999769802,0.572228066547064,0.644401437189631,0.608358921260623,0.610996109246915,0.561248478211539,0.577597039529911,0.581637395487954,0.570035627507726,0.555040914561024,0.463908529556409,0.470822664930962
0.668871151743442,0.426348269359511,0.540404357202227,0.572818453113066,0.560030796333528,0.711020297187743,0.588673311064347,0.609296566364669,0.574547573742672,0.59946943621894,0.615964558214845,0.600078392816763,0.559667757448396,0.586417484182304,0.549148171124268,0.575832716315682,0.550336205172449,0.593794647339296,0.644462495416954,0.402749104765759,0.507824003686517,0.513772852206909,0.585039684917109,0.596595805030129,0.637361787065363,0.526272724372743,0.520271266747532,0.540371792578583,0.567494265504406,0.570810261328493,0.63789746722313,0.601279697221778,0.613377849599366,0.554075630491915,0.574120319493886,0.579785199516334,0.574883245605399,0.549892627538836,0.468565449049027,0.478304722490606
0.664981145725415,0.431782804026041,0.536905907254327,0.576211716092408,0.54468299169892,0.713556706625473,0.59056045553387,0.617515873362229,0.577907370511107,0.599910971404063,0.618235092846574,0.605880918268734,0.566201167011968,0.583223329782422,0.554197980871403,0.574030919968091,0.52934497196103,0.578901983490447,0.645630735607148,0.416314758647132,0.496411196875484,0.501640450252823,0.574595596288803,0.594187742632407,0.638895431442026,0.532945568825266,0.513476099983144,0.540680745822909,0.555871620651721,0.567276750029181,0.62844854909118,0.592954126226812,0.616121093986163,0.552865567584707,0.570342611560842,0.576307335414183,0.579295394865593,0.541802777185939,0.473967507801519,0.488477383087937
0.660740189314287,0.439963172539362,0.535224786357525,0.578365204196833,0.528171044464526,0.716510834376254,0.591242921002099,0.622764010360013,0.584189476331318,0.600727203901658,0.618758722453396,0.609916080193449,0.571918727589452,0.578332863660001,0.561289616320071,0.571477210035992,0.508891620920982,0.567356658031922,0.646741908857225,0.43165991908252,0.48733014805287,0.495083126766532,0.562918029175662,0.590924446683321,0.633528514030336,0.545079142774336,0.507617206578988,0.542352202919725,0.545027262020267,0.561512438222129,0.617340444129042,0.581378901716838,0.615846692081252,0.551713424626666,0.565394366536472,0.571315817750847,0.581705823605346,0.530844249958302,0.479473260056049,0.500138898769118
0.656130107725378,0.450088015225051,0.536041621525249,0.578491015269584,0.515369300657384,0.719931597686456,0.592201728729977,0.624255059188553,0.589991734692692,0.601324362383732,0.615846688132005,0.612294144017995,0.576196118226799,0.572923836631517,0.570769592873113,0.569131591838307,0.492395758872009,0.559291438620111,0.647791877961537,0.444219879735034,0.479456983968307,0.487996445609741,0.550588225019823,0.586816350978421,0.620934805633802,0.562132752065665,0.503507804936501,0.543193011261728,0.536044035895856,0.553779651440241,0.606979309117284,0.567832448173743,0.61065408340101,0.545917125877742,0.558166544485083,0.565013537367116,0.58127390807911,0.517729010826291,0.484241851427708,0.512916718578347
0.650307141549901,0.462560097519269,0.538654957544769,0.575593410546704,0.507679583423053,0.723829307327372,0.59308835280538,0.622478197286964,0.594704933497166,0.600784429056462,0.608673294389872,0.61046251566249,0.578982917868142,0.568957824633574,0.581628344230082,0.568286327611612,0.482103801198104,0.554722979731024,0.648858986116387,0.45175432165115,0.470857393220211,0.472197617143008,0.539332343006201,0.582738006695932,0.602904031237149,0.581211555322124,0.501016779715714,0.54344309247066,0.53014447613589,0.545450930546893,0.600070185127981,0.555446838116974,0.600397686951995,0.536060879562963,0.548228587485377,0.557091597785971,0.578398957168508,0.504390646247076,0.487926304549421,0.525777998328013
0.644503679089837,0.47707299434676,0.543213204546516,0.568756429312086,0.504227536025896,0.727853687013691,0.592401149944946,0.618965514146025,0.597528789396539,0.600392447740562,0.599327767010188,0.60676395377367,0.580687668706411,0.565491032523952,0.59311108897529,0.569908117975831,0.478623035530188,0.553908298712689,0.65006547908977,0.456136866621632,0.461440531311393,0.448605162918942,0.532451781571866,0.579025845266535,0.583487429696326,0.597679376810232,0.501233244528269,0.544957945665905,0.527754818066817,0.537050894643307,0.598353064993053,0.543590695010914,0.587919499670313,0.52537933196051,0.536768025271058,0.54832699455734,0.574296631488106,0.491065780653628,0.491513330015406,0.539081651980326
0.639736947164582,0.49223401539858,0.548386120356655,0.558585389879158,0.505477739759519,0.731868465558088,0.590878115359414,0.614777425543449,0.599260276856559,0.600202106797006,0.589625484250293,0.607504598005529,0.581981839088192,0.561082819139922,0.604237740800996,0.573941307186997,0.479989802008812,0.55675078222529,0.651371838831571,0.461404218945972,0.453861336768369,0.425938244861375,0.529101938073356,0.574326689960343,0.56817695783047,0.607970444546512,0.504459765821173,0.549402800696177,0.527869550224649,0.528709997371134,0.602175154529105,0.532372442431267,0.575839271530655,0.515956197752633,0.524976747002276,0.539508850734377,0.570106439911344,0.477760277818506,0.49449073315367,0.55091284085541
0.635925950026584,0.506807482241685,0.553224705383558,0.548046749352573,0.511926594491814,0.735553385829546,0.587868878311577,0.611039984201252,0.598815424986385,0.598818105714937,0.581511090627607,0.613845041227515,0.58491296407154,0.555558403031814,0.613692325419233,0.580137962789415,0.483170485718462,0.563227872103399,0.653480907533531,0.470331332694227,0.450193197089637,0.413872591028138,0.52858500937752,0.568000083909179,0.56176138943274,0.60996774635526,0.510816358157768,0.555831373330746,0.529934664031218,0.521093950945953,0.608869443787175,0.522320325010814,0.566764685414039,0.508493001329873,0.514509877070276,0.53148352592295,0.566326918527872,0.464105285175498,0.496137222746594,0.559553522194031
0.633482927585626,0.519096497870072,0.557719085788872,0.539890663584243,0.524839721107006,0.738561465018826,0.583490583473564,0.608681660958959,0.595719098282704,0.595578289407133,0.577373738599433,0.62092659069782,0.589796738392969,0.552658838260118,0.620228443917847,0.587337568325395,0.486006616939912,0.572223274099202,0.656349842336936,0.483181290173068,0.45144708395105,0.414997796145295,0.530753518545766,0.561677933861416,0.566191488631374,0.602334823551798,0.519817526366393,0.562022247010643,0.532993897501856,0.515170543211384,0.613657328332192,0.514831848134179,0.561786081301374,0.502744974153636,0.50728425728788,0.524943562931496,0.561861254939102,0.450239872504779,0.498250699631146,0.56314474608749
0.636399701232077,0.529315432936338,0.561380548499816,0.537295741119786,0.542740998173887,0.74056598223663,0.580287447733128,0.607389818331791,0.590915221991974,0.592929831926155,0.575408904258726,0.629339815392794,0.594287826703612,0.555700751252163,0.623898519055742,0.593359426783245,0.489027001686576,0.581642918724367,0.659603137841913,0.496595028189213,0.457860673566513,0.427205479364314,0.533629879947148,0.556689257009616,0.580533442431831,0.58914905790415,0.529016986968388,0.567560471045837,0.536164654384367,0.511313514979275,0.612439497869114,0.510287320817047,0.560236300643581,0.497956349688564,0.502950472892154,0.518923783710222,0.555145227418901,0.437466321126663,0.502789436505691,0.561169174005734
0.64155300796853,0.539261953097503,0.564501982354098,0.539935623724041,0.56298723952277,0.741466552950147,0.578603325009019,0.606500624693637,0.588451747836381,0.592481386426448,0.573315246007676,0.639223650354555,0.594669678398878,0.564297054731304,0.625431835625492,0.599467735590951,0.49277984903683,0.589449003645682,0.66341201638008,0.507915634841654,0.470800609313072,0.446782853102886,0.534030748339269,0.553400864360835,0.595577460976172,0.574592950276495,0.538243045221468,0.573541180280094,0.539049255798989,0.509555004286796,0.605595151725465,0.506785688370367,0.560142928519919,0.494692735906956,0.500664993290269,0.512524592457368,0.545580548529094,0.427637811322774,0.508830191690799,0.55403285058739
0.642897559152577,0.549503848661908,0.566812580418151,0.545926076518216,0.582456588999673,0.741258428891939,0.578229715631928,0.606196718933811,0.591050224142126,0.59262225050097,0.572258676417839,0.647771391825582,0.588597659009962,0.572466481404853,0.625935446455987,0.606991266970848,0.497591044474594,0.59465306719604,0.667731582343999,0.515745140643231,0.492819110628017,0.470143712412276,0.531522093423128,0.550702303010804,0.604281791213321,0.560124178376402,0.550167275131286,0.578974347852656,0.541828999677617,0.509634437469233,0.595662229403497,0.503708695170652,0.559235268825835,0.492208211255082,0.499264056575732,0.50458488245496,0.533484518306986,0.421733629059373,0.513903438065697,0.54562210408076
0.637914429934127,0.558709980212391,0.568776576644808,0.553194039064365,0.600510880786758,0.740033506702739,0.578735156958256,0.606540781643963,0.59670106416915,0.593867323672887,0.57383369515604,0.649225179928206,0.576009004629936,0.57543745230233,0.625043126780572,0.61588539642223,0.504885454891707,0.597559630578679,0.672372655810587,0.522018231438101,0.520796012497868,0.497395744139726,0.529932810570203,0.550170494102406,0.604674014527933,0.550600552261395,0.564737374976182,0.584704335198959,0.544654789922144,0.510628051094217,0.585562629004862,0.502463037176188,0.556777290465289,0.489867774724206,0.498166406146259,0.495837835329997,0.519606686670742,0.418742745372143,0.515965969598581,0.538830299491798
0.629302763385531,0.566115880456683,0.571858559006191,0.562512038532969,0.618777356769651,0.737853979892303,0.57971232902783,0.609822882550744,0.603809189493443,0.598749897424928,0.575557741295813,0.639992199224957,0.561640882564616,0.573630034572211,0.622833844805727,0.624021945932998,0.515713300813047,0.600123840063058,0.677382208483569,0.529187284271095,0.552200773753733,0.528755418487363,0.533004110185908,0.553862381457112,0.593799625965109,0.544229155588051,0.582400486795364,0.594375588709103,0.547988837400542,0.512429856420839,0.576974928912706,0.502096669579872,0.553519226421285,0.48847930269625,0.49722713711241,0.488546415280192,0.504167824507374,0.417133030030642,0.515729876736459,0.536116858792718
0.621397340606386,0.572630421939562,0.574652995765357,0.575415980003065,0.643786234487655,0.73491332646675,0.581582035048149,0.617059949815506,0.612642066941546,0.605110116745863,0.579010205507403,0.629880469602267,0.550759659382214,0.570571045748434,0.618716289941579,0.631087789482612,0.532060596106497,0.602554527445805,0.682659695573464,0.540592630345586,0.585150821800184,0.567434648864984,0.543327314322553,0.559428717523863,0.57932475372051,0.53659402796739,0.6019589257431,0.605510582181914,0.553103333701192,0.513329548822667,0.569809446431929,0.50350416226997,0.549899870836288,0.492105193877243,0.496476542826041,0.485764856377518,0.488442836087207,0.416423919016059,0.516612185154297,0.535455623532293
0.616256855715418,0.57731816643975,0.577989692573329,0.591795660089987,0.667759911457236,0.73100602210904,0.585173609342063,0.626068509653137,0.628660869838666,0.609835766194344,0.584499892734855,0.63292817098694,0.547157683103071,0.570577840206628,0.613845119320939,0.640134652811575,0.551734179662352,0.604631557042811,0.687914848120041,0.554548725242071,0.613915797544641,0.615078122130426,0.56496501099188,0.564447215474804,0.569412680222525,0.528370132291592,0.620799724852812,0.614902467008236,0.560310607001382,0.514089743549876,0.562739399118211,0.507127028553741,0.54534912063718,0.499167010768299,0.494535391050059,0.488301854891228,0.474282463589116,0.417993972816739,0.521335356356247,0.535212000395276
